Open,High,Low,Volume,Actual,Predicted
38.970001220703125,39.130001068115234,38.0099983215332,1801500.0,38.09000015258789,38.332367
38.310001373291016,38.400001525878906,37.959999084472656,1614600.0,38.130001068115234,38.072117
38.16999816894531,38.5099983215332,37.619998931884766,1615000.0,37.97999954223633,37.993492
38.43000030517578,39.27000045776367,38.31999969482422,1517300.0,39.22999954223633,39.002014
38.97999954223633,39.16999816894531,38.40999984741211,929600.0,39.02000045776367,38.665203
38.59000015258789,38.709999084472656,38.08000183105469,1059400.0,38.290000915527344,38.26135
38.09000015258789,39.09999847412109,38.02000045776367,1956100.0,38.97999954223633,38.83246
39.060001373291016,39.43999862670898,38.59000015258789,1895700.0,39.290000915527344,38.971878
39.33000183105469,40.47999954223633,39.27000045776367,2504400.0,40.18999862670898,40.18954
40.06999969482422,40.13999938964844,39.63999938964844,2172600.0,39.650001525878906,39.745857
39.560001373291016,40.040000915527344,39.45000076293945,1552300.0,39.880001068115234,39.8256
39.900001525878906,39.9900016784668,39.369998931884766,1554800.0,39.470001220703125,39.523327
39.15999984741211,39.45000076293945,38.88999938964844,993500.0,39.43000030517578,39.15204
39.540000915527344,39.75,39.13999938964844,1272700.0,39.52000045776367,39.364475
39.34999847412109,40.220001220703125,39.11000061035156,1091200.0,40.15999984741211,39.850643
40.36000061035156,40.58000183105469,39.88999938964844,783400.0,40.119998931884766,40.14185
40.0099983215332,40.09999847412109,39.65999984741211,3143500.0,39.84999847412109,39.755104
39.560001373291016,40.380001068115234,39.5,2857800.0,40.310001373291016,40.138714
40.31999969482422,40.52000045776367,39.79999923706055,2958100.0,40.0099983215332,40.031197
39.72999954223633,39.88999938964844,39.18999862670898,1900700.0,39.2599983215332,39.402588
39.290000915527344,40.25,39.16999816894531,1566600.0,40.2400016784668,39.952366
39.88999938964844,40.09999847412109,39.25,1373800.0,39.470001220703125,39.53355
39.68999862670898,39.970001220703125,39.400001525878906,1106300.0,39.540000915527344,39.656197
39.86000061035156,40.0,39.34999847412109,1049300.0,39.40999984741211,39.544277
39.470001220703125,39.83000183105469,39.34000015258789,992500.0,39.75,39.624374
39.52000045776367,41.0,39.5,2494600.0,40.68999862670898,40.68627
40.86000061035156,41.08000183105469,40.52999877929688,1347800.0,40.77999877929688,40.740417
40.77000045776367,40.95000076293945,40.630001068115234,1442300.0,40.90999984741211,40.758102
40.720001220703125,41.45000076293945,40.61000061035156,1536100.0,41.310001373291016,41.192265
41.18000030517578,41.7400016784668,41.130001068115234,1640600.0,41.400001525878906,41.551888
41.41999816894531,41.68000030517578,41.29999923706055,1243900.0,41.52000045776367,41.48977
41.5,42.0,41.41999816894531,1670400.0,41.93000030517578,41.79784
41.97999954223633,41.97999954223633,41.54999923706055,1396300.0,41.79999923706055,41.597008
41.709999084472656,41.86000061035156,41.52999877929688,1500400.0,41.630001068115234,41.639664
41.81999969482422,41.880001068115234,41.2599983215332,1869000.0,41.31999969482422,41.387333
41.34999847412109,41.75,41.040000915527344,1189300.0,41.58000183105469,41.39634
41.25,41.77999877929688,41.060001373291016,1549800.0,41.18000030517578,41.492695
40.91999816894531,41.040000915527344,40.2599983215332,2027900.0,40.91999816894531,40.464752
41.20000076293945,41.75,41.130001068115234,1285300.0,41.709999084472656,41.55122
41.31999969482422,41.4900016784668,40.90999984741211,1334000.0,41.2400016784668,41.097374
40.810001373291016,41.20000076293945,40.38999938964844,1603000.0,40.52000045776367,40.764378
40.63999938964844,41.02999877929688,40.5099983215332,1084000.0,40.959999084472656,40.815243
40.86000061035156,41.619998931884766,40.720001220703125,1403500.0,41.43000030517578,41.33568
41.5099983215332,41.77999877929688,41.290000915527344,1741500.0,41.33000183105469,41.50947
41.5,42.0,41.34999847412109,2094300.0,42.0,41.742367
42.18999862670898,43.20000076293945,42.119998931884766,3329000.0,42.459999084472656,42.90916
42.59000015258789,42.93999862670898,42.41999816894531,2504900.0,42.72999954223633,42.684807
42.54999923706055,42.93000030517578,42.38999938964844,2430600.0,42.619998931884766,42.67818
42.61000061035156,43.06999969482422,42.5,3979300.0,42.93999862670898,42.83068
44.959999084472656,45.34000015258789,43.630001068115234,7130400.0,44.40999984741211,44.171757
44.45000076293945,44.7400016784668,43.9900016784668,3476500.0,44.31999969482422,44.26477
44.06999969482422,44.81999969482422,43.97999954223633,3659500.0,44.560001373291016,44.547283
44.86000061035156,45.220001220703125,44.68999862670898,2567400.0,44.88999938964844,44.95566
44.88999938964844,44.959999084472656,44.52999877929688,1689700.0,44.56999969482422,44.60676
44.7599983215332,45.290000915527344,44.70000076293945,3236300.0,45.02999877929688,45.075825
45.119998931884766,45.61000061035156,45.119998931884766,2352400.0,45.41999816894531,45.452614
45.58000183105469,45.59999847412109,45.20000076293945,2569600.0,45.5099983215332,45.23091
45.54999923706055,45.84999847412109,45.369998931884766,1822700.0,45.81999969482422,45.591316
45.790000915527344,46.0,45.58000183105469,2256400.0,45.88999938964844,45.72921
45.75,46.09999847412109,45.45000076293945,1733600.0,45.95000076293945,45.74388
45.90999984741211,46.150001525878906,45.81999969482422,2209400.0,45.900001525878906,45.963943
45.72999954223633,45.84999847412109,45.18999862670898,2395100.0,45.720001220703125,45.346474
45.720001220703125,46.0099983215332,45.720001220703125,2359000.0,45.86000061035156,45.882565
45.810001373291016,45.95000076293945,45.61000061035156,1500400.0,45.75,45.703556
45.75,46.18000030517578,45.709999084472656,1552100.0,46.150001525878906,46.0065
45.97999954223633,46.18000030517578,45.880001068115234,1203900.0,46.09000015258789,46.000347
45.72999954223633,45.77999877929688,45.18999862670898,1261700.0,45.36000061035156,45.296314
45.31999969482422,45.52000045776367,44.90999984741211,1272800.0,44.91999816894531,45.11059
44.70000076293945,44.95000076293945,44.560001373291016,1624100.0,44.90999984741211,44.733303
45.11000061035156,45.380001068115234,44.900001525878906,2029200.0,44.93999862670898,45.103508
44.720001220703125,45.43000030517578,44.59000015258789,1784700.0,45.369998931884766,45.146156
45.41999816894531,45.41999816894531,44.869998931884766,3434800.0,45.36000061035156,44.921135
45.56999969482422,46.34999847412109,45.56999969482422,3161300.0,46.13999938964844,46.13879
46.209999084472656,46.33000183105469,45.7599983215332,2112900.0,46.15999984741211,45.894287
46.150001525878906,46.470001220703125,45.95000076293945,2411900.0,46.02999877929688,46.186825
46.5,46.68000030517578,46.38999938964844,1487900.0,46.68000030517578,46.492275
44.560001373291016,45.06999969482422,43.91999816894531,5263600.0,44.119998931884766,44.411377
43.630001068115234,43.709999084472656,41.97999954223633,4328100.0,42.2599983215332,42.376442
42.66999816894531,43.11000061035156,42.15999984741211,4300800.0,43.11000061035156,42.572792
43.54999923706055,43.97999954223633,43.18999862670898,2402600.0,43.7599983215332,43.568096
43.68000030517578,44.400001525878906,43.59000015258789,2181100.0,44.36000061035156,44.14461
44.36000061035156,44.79999923706055,44.310001373291016,1591500.0,44.59999847412109,44.62148
44.310001373291016,44.34999847412109,43.630001068115234,1813500.0,43.75,43.763657
43.650001525878906,44.54999923706055,43.36000061035156,2312100.0,44.470001220703125,44.115795
44.470001220703125,44.7400016784668,44.18000030517578,1860700.0,44.41999816894531,44.40711
44.86000061035156,45.54999923706055,44.86000061035156,1838100.0,45.47999954223633,45.365486
45.61000061035156,45.77000045776367,45.34999847412109,1094700.0,45.400001525878906,45.479336
45.77000045776367,46.65999984741211,45.63999938964844,2237700.0,46.52999877929688,46.340725
46.63999938964844,46.81999969482422,46.33000183105469,1852400.0,46.40999984741211,46.47983
46.86000061035156,46.97999954223633,46.68999862670898,1192500.0,46.79999923706055,46.758213
46.959999084472656,46.959999084472656,46.54999923706055,1202100.0,46.66999816894531,46.577896
46.59999847412109,46.880001068115234,46.34000015258789,1362900.0,46.79999923706055,46.565075
46.66999816894531,47.0,46.4900016784668,2583900.0,46.97999954223633,46.727215
46.959999084472656,47.18000030517578,46.81999969482422,2124600.0,47.0099983215332,46.957203
46.97999954223633,47.13999938964844,46.470001220703125,1218400.0,46.66999816894531,46.657604
46.720001220703125,46.790000915527344,46.41999816894531,1512400.0,46.58000183105469,46.477177
46.4900016784668,46.52000045776367,45.91999816894531,1719800.0,46.13999938964844,46.01124
46.209999084472656,46.95000076293945,45.790000915527344,1792700.0,46.95000076293945,46.440308
47.0,47.459999084472656,46.72999954223633,1572600.0,47.2599983215332,47.106068
47.18999862670898,47.75,47.02000045776367,1944800.0,47.5099983215332,47.451294
47.4900016784668,48.18000030517578,47.36000061035156,1881400.0,48.11000061035156,47.88997
48.11000061035156,48.11000061035156,47.619998931884766,1604600.0,47.869998931884766,47.66154
47.709999084472656,47.75,46.970001220703125,1595900.0,47.18000030517578,47.109962
47.09999847412109,47.18000030517578,46.900001525878906,1508900.0,47.09000015258789,46.939037
47.15999984741211,47.33000183105469,46.7400016784668,1700200.0,46.83000183105469,46.908905
47.09999847412109,47.540000915527344,47.09999847412109,1250700.0,47.4900016784668,47.392853
47.56999969482422,47.66999816894531,47.13999938964844,1311700.0,47.22999954223633,47.25429
47.11000061035156,47.630001068115234,47.11000061035156,1006200.0,47.45000076293945,47.471943
47.5099983215332,47.58000183105469,47.209999084472656,754100.0,47.5099983215332,47.270527
47.619998931884766,48.18999862670898,47.470001220703125,1377000.0,48.130001068115234,47.90763
47.970001220703125,48.20000076293945,47.70000076293945,1538600.0,48.13999938964844,47.879963
48.16999816894531,48.619998931884766,48.119998931884766,2323500.0,48.43999862670898,48.422398
48.27000045776367,48.540000915527344,48.119998931884766,3176000.0,48.27999877929688,48.289635
48.630001068115234,48.630001068115234,48.08000183105469,3154900.0,48.43000030517578,48.12328
46.880001068115234,47.34000015258789,46.09000015258789,4660000.0,46.720001220703125,46.57483
46.58000183105469,47.790000915527344,46.56999969482422,3340400.0,47.619998931884766,47.49828
47.630001068115234,47.84999847412109,47.380001068115234,1626800.0,47.58000183105469,47.54686
47.72999954223633,48.09000015258789,47.68000030517578,1645100.0,47.81999969482422,47.913315
47.7400016784668,47.81999969482422,46.630001068115234,2634700.0,46.70000076293945,46.88949
46.66999816894531,47.41999816894531,46.61000061035156,2160100.0,47.2599983215332,47.173054
47.40999984741211,47.790000915527344,47.06999969482422,1581200.0,47.31999969482422,47.395252
47.45000076293945,47.88999938964844,47.310001373291016,1333000.0,47.619998931884766,47.63668
47.65999984741211,47.810001373291016,47.08000183105469,2231200.0,47.13999938964844,47.267094
47.119998931884766,47.18999862670898,46.810001373291016,1676600.0,46.97999954223633,46.86721
47.02999877929688,47.220001220703125,46.810001373291016,1257900.0,46.9900016784668,46.948727
47.22999954223633,47.38999938964844,46.88999938964844,1424500.0,47.0,47.03207
46.900001525878906,47.11000061035156,46.720001220703125,1460900.0,46.95000076293945,46.864227
47.06999969482422,47.16999816894531,46.86000061035156,1542400.0,47.11000061035156,46.91822
47.06999969482422,47.15999984741211,46.93999862670898,884700.0,47.02000045776367,46.97454
46.5099983215332,46.52999877929688,44.869998931884766,2507000.0,44.880001068115234,45.21844
44.59000015258789,45.810001373291016,44.470001220703125,1835400.0,45.75,45.452354
45.36000061035156,45.41999816894531,44.61000061035156,3461800.0,44.900001525878906,44.76234
45.0099983215332,45.09999847412109,44.59999847412109,1604800.0,44.86000061035156,44.706543
44.86000061035156,45.68000030517578,44.810001373291016,1734000.0,45.43999862670898,45.438263
45.38999938964844,45.38999938964844,44.7400016784668,2592900.0,44.790000915527344,44.82308
44.900001525878906,45.47999954223633,44.86000061035156,1927900.0,44.95000076293945,45.282364
45.33000183105469,45.95000076293945,45.150001525878906,2333000.0,45.709999084472656,45.637093
45.97999954223633,46.25,45.40999984741211,1612600.0,46.040000915527344,45.705402
46.380001068115234,46.70000076293945,46.290000915527344,1306400.0,46.66999816894531,46.506645
46.43000030517578,46.869998931884766,46.310001373291016,1957000.0,46.61000061035156,46.629997
46.459999084472656,46.77000045776367,46.15999984741211,2639100.0,46.56999969482422,46.411106
46.52999877929688,46.709999084472656,46.22999954223633,1587100.0,46.70000076293945,46.379665
46.900001525878906,47.2599983215332,46.52000045776367,1502500.0,47.18000030517578,46.840786
47.04999923706055,47.27000045776367,46.13999938964844,1938200.0,46.40999984741211,46.473877
46.5,47.31999969482422,46.29999923706055,1754300.0,47.09000015258789,46.961082
46.81999969482422,47.22999954223633,46.81999969482422,1538800.0,47.13999938964844,47.086296
47.06999969482422,47.29999923706055,46.66999816894531,1764000.0,46.83000183105469,46.88405
47.040000915527344,47.310001373291016,46.93000030517578,1431900.0,47.150001525878906,47.106678
47.0099983215332,47.43000030517578,46.880001068115234,1772800.0,47.29999923706055,47.185333
47.33000183105469,47.4900016784668,46.9900016784668,1663100.0,47.380001068115234,47.129936
47.58000183105469,48.150001525878906,47.54999923706055,1544900.0,47.68999862670898,47.955997
47.18999862670898,47.18999862670898,45.41999816894531,2912500.0,45.68999862670898,45.779415
45.77999877929688,45.81999969482422,45.41999816894531,1736100.0,45.470001220703125,45.46841
44.84000015258789,45.31999969482422,44.7599983215332,1336000.0,45.15999984741211,45.11318
45.380001068115234,45.619998931884766,45.08000183105469,997100.0,45.08000183105469,45.288208
45.08000183105469,45.470001220703125,45.0,1160300.0,45.150001525878906,45.278122
45.70000076293945,45.83000183105469,45.27000045776367,1949100.0,45.43999862670898,45.41046
45.40999984741211,46.150001525878906,45.34000015258789,1769000.0,46.02000045776367,45.90411
46.0,46.220001220703125,45.650001525878906,1493600.0,46.04999923706055,45.84836
45.66999816894531,45.66999816894531,45.290000915527344,1011300.0,45.56999969482422,45.31576
45.880001068115234,45.95000076293945,45.63999938964844,1666400.0,45.84999847412109,45.68338
45.2599983215332,45.59000015258789,43.16999816894531,3949500.0,43.5099983215332,43.88615
43.41999816894531,43.81999969482422,43.2400016784668,2146200.0,43.369998931884766,43.549545
43.970001220703125,44.18999862670898,43.34999847412109,2392800.0,43.380001068115234,43.616352
43.380001068115234,43.869998931884766,43.11000061035156,1470500.0,43.220001220703125,43.523354
43.33000183105469,43.70000076293945,43.18000030517578,1556800.0,43.56999969482422,43.461502
43.72999954223633,44.11000061035156,43.13999938964844,2133100.0,43.4900016784668,43.535976
43.470001220703125,43.72999954223633,43.2400016784668,2240300.0,43.2599983215332,43.443676
43.33000183105469,44.0,43.18000030517578,2510100.0,43.65999984741211,43.706383
43.68999862670898,44.91999816894531,43.68999862670898,2220900.0,44.31999969482422,44.65014
44.9900016784668,45.7599983215332,44.95000076293945,1724000.0,45.709999084472656,45.533363
45.47999954223633,45.959999084472656,45.31999969482422,2136700.0,45.619998931884766,45.685364
45.40999984741211,46.09000015258789,44.4900016784668,3501200.0,45.93999862670898,45.206238
46.59999847412109,47.380001068115234,46.34000015258789,2558700.0,47.02999877929688,46.976223
46.77000045776367,46.869998931884766,46.209999084472656,2219300.0,46.369998931884766,46.352844
46.65999984741211,46.72999954223633,45.18000030517578,3443200.0,45.33000183105469,45.522205
45.33000183105469,46.0,44.95000076293945,4710200.0,45.400001525878906,45.511696
46.29999923706055,47.79999923706055,46.150001525878906,4026800.0,46.18000030517578,47.35322
46.15999984741211,46.15999984741211,45.54999923706055,2070600.0,45.93999862670898,45.62452
45.90999984741211,46.20000076293945,45.0099983215332,3148500.0,45.040000915527344,45.39446
45.220001220703125,45.2400016784668,44.650001525878906,2540100.0,44.970001220703125,44.73051
44.93999862670898,45.15999984741211,43.77000045776367,2831200.0,44.459999084472656,44.169632
44.18000030517578,44.77999877929688,43.970001220703125,1926300.0,44.650001525878906,44.4546
44.7400016784668,45.0099983215332,44.619998931884766,877100.0,44.88999938964844,44.81063
44.52000045776367,44.68999862670898,43.58000183105469,2241800.0,43.59999847412109,43.88502
43.59999847412109,44.630001068115234,43.52000045776367,1951900.0,44.47999954223633,44.33467
44.790000915527344,44.900001525878906,43.93999862670898,2238600.0,43.97999954223633,44.170914
44.08000183105469,44.09999847412109,42.91999816894531,2823100.0,43.209999084472656,43.151707
43.27000045776367,44.09000015258789,43.27000045776367,2153200.0,44.02999877929688,43.88731
44.209999084472656,44.68999862670898,44.209999084472656,2495000.0,44.52999877929688,44.535946
44.58000183105469,44.900001525878906,44.20000076293945,1136700.0,44.84000015258789,44.497196
44.560001373291016,44.9900016784668,44.11000061035156,1815200.0,44.9900016784668,44.512306
44.9900016784668,45.83000183105469,44.77000045776367,1848400.0,45.79999923706055,45.456963
45.90999984741211,46.31999969482422,45.84999847412109,1937500.0,46.29999923706055,46.131313
46.18000030517578,46.75,46.11000061035156,1851500.0,46.13999938964844,46.52817
46.310001373291016,46.61000061035156,46.15999984741211,1734700.0,46.38999938964844,46.372005
46.43000030517578,46.790000915527344,46.0,2044100.0,46.13999938964844,46.3308
46.08000183105469,46.77000045776367,45.91999816894531,1338900.0,46.560001373291016,46.466137
46.61000061035156,46.91999816894531,45.810001373291016,2103200.0,45.90999984741211,46.191708
45.88999938964844,46.220001220703125,45.36000061035156,1084200.0,45.43000030517578,45.700016
45.75,46.310001373291016,45.540000915527344,1552400.0,46.209999084472656,45.98895
46.209999084472656,46.36000061035156,45.86000061035156,1652300.0,46.040000915527344,45.997643
45.93000030517578,46.130001068115234,45.79999923706055,968300.0,45.970001220703125,45.929924
46.08000183105469,46.22999954223633,45.93000030517578,727700.0,46.20000076293945,46.024345
46.369998931884766,46.65999984741211,46.31999969482422,1535500.0,46.5099983215332,46.49955
46.5099983215332,46.70000076293945,45.68000030517578,1177300.0,45.720001220703125,45.97586
45.68000030517578,46.0,45.56999969482422,891000.0,45.63999938964844,45.79709
45.7599983215332,45.81999969482422,45.380001068115234,1216100.0,45.560001373291016,45.45435
45.93000030517578,46.75,45.7400016784668,1739600.0,46.4900016784668,46.400436
46.93000030517578,47.380001068115234,46.81999969482422,1821300.0,47.09999847412109,47.145348
47.04999923706055,47.06999969482422,46.36000061035156,1503700.0,46.540000915527344,46.473217
46.630001068115234,48.06999969482422,46.560001373291016,2883400.0,47.9900016784668,47.700207
48.0099983215332,48.560001373291016,47.90999984741211,2575300.0,48.13999938964844,48.307728
48.34000015258789,48.540000915527344,47.81999969482422,1560500.0,48.09999847412109,48.036903
48.02999877929688,49.47999954223633,47.95000076293945,5624300.0,49.25,49.075783
48.900001525878906,48.900001525878906,47.97999954223633,3276900.0,48.52000045776367,48.115456
48.59999847412109,48.84999847412109,48.40999984741211,1568500.0,48.68999862670898,48.584267
48.369998931884766,48.720001220703125,48.18000030517578,1938800.0,48.31999969482422,48.436214
48.66999816894531,48.72999954223633,48.0,1523500.0,48.25,48.13656
48.040000915527344,48.09000015258789,47.5099983215332,1346100.0,47.63999938964844,47.605927
47.83000183105469,47.93000030517578,47.40999984741211,1701700.0,47.619998931884766,47.517956
47.59999847412109,47.83000183105469,47.22999954223633,2013900.0,47.38999938964844,47.43287
47.77000045776367,48.209999084472656,47.04999923706055,2741900.0,47.34999847412109,47.51216
47.59999847412109,48.41999816894531,47.40999984741211,3073200.0,48.40999984741211,48.05501
48.41999816894531,48.43000030517578,47.91999816894531,1895400.0,48.16999816894531,47.96929
48.31999969482422,48.83000183105469,48.29999923706055,1527800.0,48.650001525878906,48.65085
48.47999954223633,48.54999923706055,47.38999938964844,2266500.0,47.66999816894531,47.636517
48.040000915527344,49.150001525878906,48.0099983215332,2552600.0,48.970001220703125,48.86078
48.93000030517578,49.810001373291016,48.68000030517578,2244600.0,49.2599983215332,49.39289
48.880001068115234,49.0,48.470001220703125,1352200.0,48.900001525878906,48.591637
49.09000015258789,49.470001220703125,49.060001373291016,1191800.0,49.380001068115234,49.30428
49.130001068115234,49.380001068115234,48.959999084472656,952100.0,49.27000045776367,49.132263
49.41999816894531,49.77999877929688,49.2599983215332,2170700.0,49.63999938964844,49.511948
49.369998931884766,50.02999877929688,49.22999954223633,2107100.0,49.93000030517578,49.729702
49.93000030517578,50.79999923706055,49.93000030517578,2557700.0,50.470001220703125,50.565483
50.5099983215332,50.59000015258789,50.02000045776367,2092500.0,50.36000061035156,50.117573
50.630001068115234,50.88999938964844,50.41999816894531,1568300.0,50.52000045776367,50.601425
50.2400016784668,50.68000030517578,50.09000015258789,3546900.0,50.38999938964844,50.393555
51.13999938964844,51.84000015258789,50.619998931884766,5724500.0,51.619998931884766,51.21658
51.68000030517578,51.68000030517578,50.560001373291016,2550400.0,50.84000015258789,50.743145
50.650001525878906,51.63999938964844,50.58000183105469,2195500.0,51.630001068115234,51.334663
51.65999984741211,51.79999923706055,51.16999816894531,2037000.0,51.34999847412109,51.31485
51.310001373291016,51.720001220703125,51.18999862670898,1632400.0,51.34000015258789,51.472054
51.43999862670898,51.59999847412109,51.20000076293945,1006900.0,51.470001220703125,51.30676
51.380001068115234,51.83000183105469,51.33000183105469,1612700.0,51.7400016784668,51.62784
51.7400016784668,51.93999862670898,51.459999084472656,1195100.0,51.65999984741211,51.608162
51.52000045776367,51.650001525878906,51.22999954223633,1417800.0,51.29999923706055,51.32084
51.619998931884766,52.2599983215332,51.619998931884766,2026600.0,52.040000915527344,52.06094
52.040000915527344,52.08000183105469,51.33000183105469,1706400.0,51.380001068115234,51.448
51.380001068115234,52.040000915527344,51.150001525878906,1824400.0,51.97999954223633,51.668453
51.63999938964844,51.81999969482422,51.18000030517578,1883700.0,51.25,51.352093
51.060001373291016,51.45000076293945,50.86000061035156,2233600.0,51.209999084472656,51.14173
51.2599983215332,51.56999969482422,50.95000076293945,1517600.0,51.40999984741211,51.197277
51.41999816894531,51.58000183105469,51.130001068115234,1259400.0,51.43000030517578,51.247585
51.68999862670898,52.36000061035156,51.47999954223633,1860500.0,52.150001525878906,52.000538
52.13999938964844,52.459999084472656,51.9900016784668,1376200.0,52.45000076293945,52.203396
52.220001220703125,52.2599983215332,51.959999084472656,1203400.0,52.209999084472656,51.967026
53.310001373291016,54.81999969482422,53.02000045776367,4118000.0,54.09999847412109,54.24463
53.43000030517578,54.04999923706055,52.83000183105469,2676900.0,53.04999923706055,53.395863
53.060001373291016,53.52999877929688,52.91999816894531,1936900.0,53.310001373291016,53.24978
53.310001373291016,53.630001068115234,53.0,1221400.0,53.150001525878906,53.25156
53.27999877929688,53.72999954223633,52.47999954223633,1492700.0,52.65999984741211,52.96328
52.790000915527344,53.470001220703125,52.650001525878906,1257100.0,53.130001068115234,53.162365
53.040000915527344,53.77999877929688,52.720001220703125,1717900.0,53.18000030517578,53.324196
54.04999923706055,54.04999923706055,52.84000015258789,2015300.0,53.08000183105469,53.04271
52.59999847412109,53.34000015258789,52.41999816894531,1446500.0,53.2400016784668,52.9921
53.290000915527344,53.61000061035156,53.09999847412109,1312700.0,53.43999862670898,53.32045
53.2599983215332,53.41999816894531,52.77999877929688,1469900.0,53.119998931884766,52.938477
53.130001068115234,53.43000030517578,52.900001525878906,1627400.0,53.31999969482422,53.111885
53.06999969482422,53.22999954223633,52.810001373291016,1705600.0,52.869998931884766,52.911407
52.900001525878906,53.209999084472656,52.72999954223633,1550200.0,53.20000076293945,52.936363
53.20000076293945,53.2400016784668,52.47999954223633,2017100.0,52.619998931884766,52.594547
52.720001220703125,53.220001220703125,52.70000076293945,1778300.0,52.709999084472656,53.026806
52.70000076293945,53.22999954223633,52.2599983215332,1548200.0,53.150001525878906,52.7205
53.06999969482422,53.06999969482422,52.70000076293945,1243600.0,52.84000015258789,52.698376
52.900001525878906,53.2599983215332,52.68000030517578,1025200.0,52.720001220703125,52.94511
52.70000076293945,52.900001525878906,52.369998931884766,1520700.0,52.83000183105469,52.52537
52.84999847412109,53.02999877929688,52.470001220703125,1258200.0,52.54999923706055,52.622803
52.43000030517578,52.7400016784668,52.310001373291016,864000.0,52.33000183105469,52.51039
52.630001068115234,53.709999084472656,52.43000030517578,1569200.0,53.459999084472656,53.291958
53.02000045776367,53.59999847412109,52.68000030517578,1241000.0,53.02999877929688,53.158493
53.34999847412109,53.41999816894531,52.95000076293945,2095700.0,53.06999969482422,53.00743
53.33000183105469,53.400001525878906,52.790000915527344,1570000.0,53.130001068115234,52.887077
53.2599983215332,53.38999938964844,52.84000015258789,2189400.0,53.27000045776367,52.952515
53.93000030517578,54.52999877929688,53.90999984741211,2257700.0,54.43999862670898,54.31342
54.75,55.18999862670898,54.5099983215332,2181900.0,54.810001373291016,54.83281
55.0,55.33000183105469,54.810001373291016,1835000.0,54.83000183105469,55.02953
54.93000030517578,55.5099983215332,54.83000183105469,1529000.0,55.43000030517578,55.23939
55.310001373291016,55.34999847412109,54.84000015258789,3078200.0,55.04999923706055,54.87635
55.5,55.9900016784668,55.36000061035156,1897000.0,55.79999923706055,55.6993
55.84999847412109,55.970001220703125,55.5099983215332,1693100.0,55.93000030517578,55.589527
55.68000030517578,56.2599983215332,55.61000061035156,1702600.0,56.15999984741211,56.008102
56.20000076293945,56.75,56.15999984741211,2615600.0,56.70000076293945,56.51665
56.84999847412109,56.959999084472656,56.59000015258789,1571500.0,56.63999938964844,56.638615
56.650001525878906,56.81999969482422,55.93000030517578,2190000.0,56.31999969482422,56.141743
56.41999816894531,56.88999938964844,56.290000915527344,1559200.0,56.869998931884766,56.60967
56.84999847412109,56.93999862670898,56.08000183105469,1566300.0,56.27000045776367,56.24135
56.130001068115234,56.380001068115234,55.79999923706055,1347600.0,56.22999954223633,55.988037
56.15999984741211,56.400001525878906,55.959999084472656,1578300.0,56.15999984741211,56.10476
56.06999969482422,56.7599983215332,56.0099983215332,1472200.0,56.70000076293945,56.49858
58.380001068115234,58.380001068115234,56.45000076293945,1032600.0,56.83000183105469,56.82957
56.83000183105469,56.83000183105469,55.66999816894531,1839700.0,55.77000045776367,55.85269
55.900001525878906,56.27000045776367,55.59999847412109,1935000.0,55.84999847412109,55.877514
56.09000015258789,56.31999969482422,55.86000061035156,1654400.0,56.130001068115234,56.003605
56.52000045776367,56.52000045776367,55.84999847412109,4264800.0,56.08000183105469,55.890648
59.79999923706055,59.97999954223633,58.0,7510600.0,58.65999984741211,58.443806
58.5,59.34000015258789,58.06999969482422,4060100.0,59.22999954223633,58.75123
59.52999877929688,59.70000076293945,58.91999816894531,2772200.0,59.29999923706055,59.090374
59.22999954223633,59.720001220703125,59.040000915527344,1534400.0,59.5099983215332,59.383144
59.540000915527344,60.47999954223633,59.40999984741211,2576400.0,60.369998931884766,60.10724
59.45000076293945,60.810001373291016,59.45000076293945,2552400.0,60.34000015258789,60.467754
60.0099983215332,60.77000045776367,59.810001373291016,2100400.0,60.72999954223633,60.375885
60.79999923706055,61.150001525878906,60.7599983215332,1665500.0,60.810001373291016,60.941467
60.79999923706055,60.84000015258789,60.33000183105469,1473300.0,60.400001525878906,60.361538
60.13999938964844,60.54999923706055,60.09999847412109,1968000.0,60.09999847412109,60.331646
60.2599983215332,60.77000045776367,59.97999954223633,1617500.0,60.630001068115234,60.358963
60.630001068115234,60.72999954223633,59.709999084472656,3486600.0,60.150001525878906,59.891342
60.310001373291016,60.45000076293945,59.130001068115234,2352300.0,59.209999084472656,59.42068
59.13999938964844,59.40999984741211,58.119998931884766,2579600.0,58.9900016784668,58.481243
59.06999969482422,59.63999938964844,58.93000030517578,1527000.0,59.27999877929688,59.32825
59.540000915527344,59.77999877929688,59.04999923706055,1202800.0,59.380001068115234,59.26074
59.220001220703125,59.290000915527344,58.81999969482422,1091800.0,59.209999084472656,58.86683
59.369998931884766,59.790000915527344,59.2400016784668,2157500.0,59.5099983215332,59.503853
59.58000183105469,60.66999816894531,59.58000183105469,2383700.0,60.54999923706055,60.371674
60.54999923706055,60.91999816894531,60.29999923706055,1821700.0,60.33000183105469,60.55118
60.310001373291016,60.52999877929688,59.66999816894531,2247900.0,59.790000915527344,59.891605
59.93999862670898,60.79999923706055,59.61000061035156,3473200.0,60.61000061035156,60.282654
60.59000015258789,60.59000015258789,59.5,2879800.0,59.77000045776367,59.645226
59.790000915527344,59.95000076293945,59.150001525878906,1535500.0,59.2400016784668,59.328255
59.130001068115234,59.56999969482422,58.84000015258789,1060300.0,58.880001068115234,59.17045
59.27000045776367,59.70000076293945,59.20000076293945,1191500.0,59.400001525878906,59.464737
59.34999847412109,59.630001068115234,58.4900016784668,1356800.0,58.79999923706055,58.827736
59.0,59.56999969482422,58.84000015258789,1593800.0,59.310001373291016,59.24304
59.59000015258789,59.97999954223633,59.130001068115234,1489600.0,59.130001068115234,59.456863
59.18999862670898,60.04999923706055,59.18999862670898,1639000.0,59.77000045776367,59.79525
59.459999084472656,59.77000045776367,59.06999969482422,2249500.0,59.220001220703125,59.30642
59.52999877929688,60.06999969482422,59.33000183105469,965400.0,59.630001068115234,59.72114
59.47999954223633,60.04999923706055,59.380001068115234,1146000.0,59.86000061035156,59.769737
59.9900016784668,60.15999984741211,59.459999084472656,2976000.0,59.79999923706055,59.607067
60.33000183105469,60.9900016784668,60.15999984741211,1439400.0,60.72999954223633,60.63827
61.25,61.310001373291016,60.66999816894531,2059600.0,61.18999862670898,60.740387
61.27999877929688,61.65999984741211,60.91999816894531,1285500.0,61.52000045776367,61.20936
61.59999847412109,61.84000015258789,61.400001525878906,1332700.0,61.54999923706055,61.529686
61.43000030517578,61.540000915527344,60.95000076293945,1520100.0,61.209999084472656,61.040596
61.31999969482422,61.63999938964844,61.16999816894531,1512200.0,61.380001068115234,61.353733
61.45000076293945,61.54999923706055,60.810001373291016,2009400.0,60.97999954223633,60.92901
60.83000183105469,61.59999847412109,60.7599983215332,1283200.0,61.369998931884766,61.304985
61.380001068115234,61.58000183105469,61.25,973800.0,61.5,61.331722
61.56999969482422,61.65999984741211,60.380001068115234,1692000.0,60.540000915527344,60.632317
60.58000183105469,60.810001373291016,59.38999938964844,2520700.0,59.720001220703125,59.756744
59.81999969482422,60.2400016784668,59.59999847412109,1945000.0,59.90999984741211,59.886936
59.90999984741211,60.22999954223633,59.61000061035156,1236400.0,60.08000183105469,59.838333
60.31999969482422,60.619998931884766,59.7599983215332,1038700.0,59.790000915527344,60.037773
60.040000915527344,60.290000915527344,59.810001373291016,1323600.0,59.93999862670898,59.960644
60.0,60.33000183105469,59.52000045776367,1121500.0,60.20000076293945,59.80305
60.150001525878906,60.43999862670898,59.970001220703125,982900.0,60.369998931884766,60.143833
60.52000045776367,60.7400016784668,60.0099983215332,778800.0,60.130001068115234,60.209198
60.15999984741211,60.88999938964844,60.0099983215332,975700.0,60.869998931884766,60.546116
60.66999816894531,60.97999954223633,60.08000183105469,1162300.0,60.13999938964844,60.37177
60.06999969482422,60.22999954223633,59.380001068115234,1965000.0,59.68000030517578,59.566784
59.34999847412109,59.5,58.220001220703125,2471500.0,58.56999969482422,58.508472
58.70000076293945,59.70000076293945,58.68999862670898,1511600.0,59.33000183105469,59.417976
59.79999923706055,60.040000915527344,59.54999923706055,2409800.0,59.619998931884766,59.68974
59.70000076293945,59.880001068115234,59.11000061035156,2933300.0,59.380001068115234,59.28194
62.150001525878906,62.41999816894531,60.7599983215332,6892000.0,62.13999938964844,61.17276
62.0,62.06999969482422,60.77999877929688,3501600.0,60.86000061035156,61.00792
60.7599983215332,61.720001220703125,60.27999877929688,2357900.0,61.25,61.0808
61.09000015258789,62.0,60.959999084472656,1486100.0,61.7400016784668,61.635544
61.869998931884766,63.02000045776367,61.84999847412109,1666400.0,62.959999084472656,62.69555
62.720001220703125,63.369998931884766,62.59999847412109,1445700.0,62.77000045776367,63.049667
62.869998931884766,63.150001525878906,62.34999847412109,1584500.0,62.68000030517578,62.58868
63.060001373291016,63.13999938964844,62.66999816894531,1352800.0,62.900001525878906,62.708725
63.09999847412109,63.58000183105469,62.970001220703125,1290400.0,63.459999084472656,63.279312
63.040000915527344,63.630001068115234,63.02000045776367,1206600.0,63.4900016784668,63.394672
63.400001525878906,63.93000030517578,63.38999938964844,1072500.0,63.900001525878906,63.7116
64.0,64.83000183105469,63.900001525878906,1930100.0,64.72000122070312,64.488205
64.9000015258789,65.18000030517578,64.20999908447266,1224600.0,64.37999725341797,64.48828
64.0199966430664,64.4800033569336,63.810001373291016,910200.0,64.29000091552734,64.12286
64.55999755859375,64.80999755859375,64.05000305175781,974500.0,64.70999908447266,64.26033
64.8499984741211,65.25,64.48999786376953,1075800.0,65.13999938964844,64.78665
65.1500015258789,65.68000030517578,64.83000183105469,1587700.0,65.0199966430664,65.220924
65.5,66.2699966430664,65.37999725341797,1770000.0,66.11000061035156,65.91939
66.2699966430664,66.41999816894531,65.88999938964844,1081900.0,66.13999938964844,65.977104
65.91000366210938,66.22000122070312,65.41000366210938,2042600.0,65.44000244140625,65.65584
65.30999755859375,65.87000274658203,65.16000366210938,1481000.0,65.68000030517578,65.533295
65.68000030517578,66.12999725341797,65.62000274658203,2296000.0,65.95999908447266,65.87057
66.08999633789062,66.30000305175781,65.69999694824219,1562000.0,66.08000183105469,65.83697
66.25,66.44999694824219,66.0,1238000.0,66.16999816894531,66.09499
66.30999755859375,66.36000061035156,65.7699966430664,1186000.0,66.08999633789062,65.812744
65.87999725341797,66.13999938964844,65.62999725341797,874800.0,65.91999816894531,65.779366
65.8499984741211,66.2699966430664,65.70999908447266,1296200.0,65.77999877929688,65.96279
65.80000305175781,65.9000015258789,64.44000244140625,1841800.0,64.7300033569336,64.72957
64.6500015258789,64.9000015258789,63.90999984741211,1615200.0,64.11000061035156,64.173546
64.2699966430664,64.66000366210938,64.05000305175781,1272500.0,64.38999938964844,64.303
64.25,64.62000274658203,63.970001220703125,1126200.0,63.97999954223633,64.2226
64.0,64.27999877929688,63.720001220703125,1672800.0,64.19999694824219,63.89354
64.29000091552734,65.06999969482422,64.20999908447266,1693900.0,64.87000274658203,64.752
65.05999755859375,65.77999877929688,65.05999755859375,1216400.0,65.1500015258789,65.5325
65.1500015258789,65.87000274658203,65.1500015258789,745600.0,65.83000183105469,65.62583
65.8499984741211,65.98999786376953,65.5199966430664,1974100.0,65.69999694824219,65.580475
65.68000030517578,66.37999725341797,65.66000366210938,1405100.0,66.36000061035156,66.11739
66.48999786376953,66.7699966430664,66.0199966430664,1542300.0,66.55999755859375,66.235016
66.68000030517578,66.86000061035156,66.22000122070312,1143100.0,66.5999984741211,66.35089
66.68000030517578,66.97000122070312,66.33999633789062,1794800.0,66.62000274658203,66.52789
66.6500015258789,67.5999984741211,66.54000091552734,1455000.0,67.54000091552734,67.227
67.62999725341797,67.81999969482422,66.88999938964844,943100.0,66.98999786376953,67.09897
67.19999694824219,67.37000274658203,66.7699966430664,1473400.0,66.91000366210938,66.880714
66.68000030517578,66.68000030517578,65.98999786376953,1711800.0,66.12000274658203,66.02362
66.37999725341797,66.58000183105469,66.06999969482422,1150500.0,66.44000244140625,66.18049
66.44000244140625,66.97000122070312,66.05999755859375,1359100.0,66.87999725341797,66.46388
67.19000244140625,67.52999877929688,67.06999969482422,1506100.0,67.25,67.244675
67.44999694824219,67.68000030517578,66.93000030517578,1267600.0,67.0199966430664,67.1148
67.30999755859375,67.55000305175781,66.87999725341797,1975700.0,67.31999969482422,67.045364
67.9000015258789,68.5199966430664,67.02999877929688,1795000.0,67.38999938964844,67.62607
67.52999877929688,67.83000183105469,67.19999694824219,1417900.0,67.70999908447266,67.394005
67.80999755859375,68.01000213623047,67.41000366210938,1441000.0,67.97000122070312,67.53666
67.80000305175781,67.93000030517578,67.0999984741211,846600.0,67.48999786376953,67.24858
67.73999786376953,68.16999816894531,67.54000091552734,1614400.0,68.02999877929688,67.808105
68.19999694824219,68.44000244140625,67.83999633789062,1357300.0,68.0199966430664,67.989555
68.08000183105469,68.37999725341797,67.80999755859375,1856900.0,68.12999725341797,67.98368
68.08999633789062,68.66999816894531,68.01000213623047,1072300.0,68.37000274658203,68.37679
68.2699966430664,68.44999694824219,67.87000274658203,995700.0,68.22000122070312,67.98183
68.31999969482422,68.63999938964844,68.04000091552734,956500.0,68.25,68.23919
68.0999984741211,68.33000183105469,67.7699966430664,977600.0,68.11000061035156,67.90675
67.91999816894531,67.9800033569336,66.91000366210938,1665000.0,67.47000122070312,67.071815
67.3499984741211,67.58000183105469,66.69999694824219,1704300.0,66.80999755859375,66.91478
66.44999694824219,67.38999938964844,66.25,1536400.0,67.12999725341797,66.95145
66.9800033569336,67.80000305175781,66.88999938964844,2426200.0,67.45999908447266,67.45417
67.29000091552734,67.55999755859375,66.91000366210938,2042300.0,67.30999755859375,67.08744
67.5,68.94999694824219,67.44999694824219,2300400.0,68.73999786376953,68.53294
68.52999877929688,69.08999633789062,68.29000091552734,1823100.0,68.79000091552734,68.673485
69.27999877929688,70.2300033569336,68.94999694824219,4143500.0,69.95999908447266,69.66406
70.05000305175781,70.80999755859375,67.69999694824219,5330000.0,69.91000366210938,68.75578
69.13999938964844,69.37000274658203,68.30000305175781,3041600.0,68.69000244140625,68.5472
68.83999633789062,69.38999938964844,68.77999877929688,1015400.0,69.36000061035156,69.11459
69.22000122070312,69.48999786376953,69.16999816894531,1439300.0,69.30999755859375,69.26224
69.55999755859375,70.93000030517578,69.41999816894531,2473400.0,70.58999633789062,70.450806
70.5,70.83999633789062,68.44999694824219,1904000.0,68.69000244140625,69.101395
68.97000122070312,69.58999633789062,68.20999908447266,1922500.0,69.23999786376953,68.77383
69.19000244140625,70.0,67.2300033569336,2516500.0,68.69000244140625,68.25303
68.94000244140625,69.16999816894531,66.18000030517578,2899400.0,66.23999786376953,66.91646
66.19999694824219,67.0,65.7300033569336,2384000.0,65.83000183105469,66.37661
65.87999725341797,66.25,65.5999984741211,1690100.0,65.88999938964844,65.8432
65.91000366210938,66.87999725341797,65.7699966430664,2294500.0,66.70999908447266,66.477295
66.94000244140625,67.55000305175781,66.6500015258789,2195600.0,67.37999725341797,67.09032
67.43000030517578,67.75,66.4800033569336,2438600.0,67.0,66.84074
67.0,67.16000366210938,66.5,2181000.0,67.05999755859375,66.61529
67.2300033569336,67.66000366210938,66.63999938964844,1684600.0,66.68000030517578,67.008194
66.68000030517578,67.08999633789062,66.37000274658203,1774600.0,66.51000213623047,66.651306
67.0,67.86000061035156,66.69000244140625,2871900.0,67.61000061035156,67.34018
67.88999938964844,68.51000213623047,67.4800033569336,2306300.0,67.66000366210938,67.95538
67.94000244140625,68.05000305175781,67.48999786376953,1469400.0,67.75,67.55308
67.80999755859375,68.13999938964844,67.16000366210938,1363000.0,67.4000015258789,67.46002
67.51000213623047,67.87000274658203,67.2699966430664,1502200.0,67.5199966430664,67.491
67.41000366210938,67.54000091552734,66.86000061035156,1221300.0,67.3499984741211,66.968834
67.30999755859375,67.44999694824219,67.05000305175781,532700.0,67.25,67.09919
67.20999908447266,67.45999908447266,67.1500015258789,1038600.0,67.30000305175781,67.237305
67.44000244140625,67.4800033569336,67.0199966430664,607000.0,67.44999694824219,67.02478
67.5,67.58000183105469,66.93000030517578,1064900.0,66.97000122070312,67.0028
67.41999816894531,67.88999938964844,67.33999633789062,1047800.0,67.5999984741211,67.6166
67.62000274658203,69.48999786376953,67.5999984741211,1698900.0,69.31999969482422,69.032616
69.54000091552734,69.81999969482422,68.77999877929688,2230700.0,68.80000305175781,69.05388
68.7300033569336,70.0999984741211,68.7300033569336,1632500.0,69.9000015258789,69.73428
69.7300033569336,70.33000183105469,69.55000305175781,1613400.0,70.05000305175781,69.94974
70.68000030517578,72.33000183105469,70.16999816894531,2666100.0,71.7699966430664,71.52516
71.44999694824219,71.44999694824219,70.11000061035156,2957200.0,70.79000091552734,70.28426
70.91999816894531,71.18000030517578,70.30000305175781,1511100.0,70.80000305175781,70.522736
70.7300033569336,71.86000061035156,70.5,1448100.0,71.7300033569336,71.35612
72.0199966430664,72.47000122070312,71.05999755859375,1702700.0,71.2300033569336,71.523895
71.72000122070312,72.30999755859375,71.58999633789062,1824500.0,72.05999755859375,71.960815
72.19999694824219,72.5,71.66999816894531,1828300.0,72.19000244140625,71.89708
72.4800033569336,73.22000122070312,72.05999755859375,2266100.0,73.06999969482422,72.62479
73.16999816894531,73.55000305175781,72.5999984741211,1963700.0,73.4800033569336,72.90043
74.05000305175781,74.08000183105469,73.25,1213400.0,73.44000244140625,73.31761
73.66000366210938,73.86000061035156,73.05000305175781,1754300.0,73.58000183105469,73.20935
74.16999816894531,74.48999786376953,73.6500015258789,1664100.0,73.86000061035156,73.88647
74.30000305175781,74.83000183105469,73.58999633789062,2386900.0,74.81999969482422,74.045296
74.4800033569336,75.0,74.30000305175781,1321900.0,74.52999877929688,74.61991
73.98999786376953,74.08000183105469,72.93000030517578,1817000.0,72.98999786376953,73.10964
73.7699966430664,74.38999938964844,73.23999786376953,2032800.0,73.43000030517578,73.72962
73.18000030517578,73.77999877929688,72.51000213623047,2008200.0,72.83000183105469,73.02038
72.31999969482422,72.76000213623047,71.22000122070312,1955700.0,71.25,71.70816
70.86000061035156,71.4800033569336,68.18000030517578,2860700.0,68.22000122070312,69.2183
66.95999908447266,68.83000183105469,66.12999725341797,4121200.0,68.44999694824219,67.7518
68.19000244140625,69.08000183105469,67.91000366210938,1988100.0,68.05999755859375,68.58085
68.08999633789062,68.16000366210938,65.02999877929688,4163400.0,65.05000305175781,65.7011
66.4000015258789,67.52999877929688,65.29000091552734,4517000.0,66.9800033569336,66.35956
67.45999908447266,69.05000305175781,67.37000274658203,4227600.0,68.43000030517578,68.566154
67.97000122070312,68.48999786376953,67.66000366210938,1825500.0,68.33999633789062,68.029366
67.80000305175781,69.88999938964844,67.62000274658203,3637800.0,69.69999694824219,69.26277
74.94000244140625,74.98999786376953,71.22000122070312,4899100.0,72.0199966430664,72.014885
71.97000122070312,72.69999694824219,71.62000274658203,2887100.0,71.97000122070312,72.15544
71.5,71.8499984741211,70.69999694824219,2580400.0,71.08000183105469,71.03409
71.12000274658203,72.69999694824219,70.97000122070312,1995600.0,71.25,72.178665
71.72000122070312,71.76000213623047,70.51000213623047,2403400.0,70.68000030517578,70.688286
71.1500015258789,71.37000274658203,70.05999755859375,4227000.0,70.69999694824219,70.346924
71.0,71.20999908447266,70.01000213623047,5947400.0,70.58000183105469,70.25041
70.75,70.91999816894531,69.0,3370500.0,69.0,69.420296
69.41999816894531,70.0,68.56999969482422,3289200.0,68.58999633789062,69.11118
68.47000122070312,68.80000305175781,66.79000091552734,2401800.0,67.37999725341797,67.34155
66.81999969482422,67.68000030517578,66.6500015258789,2057300.0,67.51000213623047,67.27143
67.25,67.8499984741211,66.51000213623047,1890900.0,67.55000305175781,67.05755
67.77999877929688,68.41999816894531,67.44999694824219,2944600.0,68.11000061035156,67.91733
67.36000061035156,69.86000061035156,67.30000305175781,3125800.0,69.69999694824219,69.26225
69.72000122070312,70.2699966430664,69.19000244140625,2453400.0,69.8499984741211,69.63017
70.2699966430664,71.5,70.0,2061200.0,71.12999725341797,70.947075
71.19999694824219,71.52999877929688,70.66999816894531,2049400.0,70.70999908447266,70.92372
71.0,71.5199966430664,70.41999816894531,1728100.0,70.68000030517578,70.84922
71.06999969482422,71.16000366210938,69.69000244140625,1866300.0,69.91999816894531,69.959625
70.08999633789062,70.66000366210938,69.87000274658203,2530400.0,70.18000030517578,70.24653
69.91999816894531,70.33999633789062,69.05000305175781,3378100.0,69.9000015258789,69.459526
69.79000091552734,70.30999755859375,69.05999755859375,2639400.0,69.33999633789062,69.52409
69.7699966430664,70.06999969482422,69.44999694824219,2379100.0,69.8499984741211,69.627106
69.87999725341797,70.08999633789062,69.36000061035156,1583200.0,69.4000015258789,69.518
68.69999694824219,69.19999694824219,67.33000183105469,1690000.0,67.47000122070312,67.95047
67.58000183105469,67.7300033569336,65.94000244140625,2594100.0,66.05999755859375,66.33138
67.19999694824219,68.29000091552734,66.66000366210938,2263800.0,68.19999694824219,67.56596
68.4800033569336,68.62999725341797,66.54000091552734,2104500.0,67.0,67.00851
67.22000122070312,67.37999725341797,65.80999755859375,2267800.0,66.4000015258789,66.15501
66.75,67.58000183105469,66.11000061035156,2711300.0,66.9000015258789,66.82077
66.6500015258789,66.97000122070312,63.72999954223633,3085800.0,64.43000030517578,64.58845
64.94000244140625,65.87999725341797,64.62000274658203,2286100.0,65.41999816894531,65.350876
64.1500015258789,65.6500015258789,63.650001525878906,5084100.0,65.44999694824219,64.87836
65.81999969482422,66.30999755859375,65.5,2120200.0,65.68000030517578,65.85113
65.01000213623047,65.55999755859375,63.380001068115234,3578600.0,63.650001525878906,64.10556
64.91999816894531,66.25,64.08000183105469,2639800.0,65.19000244140625,65.26812
66.13999938964844,66.79000091552734,65.9000015258789,1872800.0,66.63999938964844,66.36621
65.9800033569336,66.5999984741211,65.81999969482422,1391400.0,66.08000183105469,66.24486
66.55999755859375,67.63999938964844,66.44999694824219,2180900.0,67.19999694824219,67.24099
67.5,67.66999816894531,66.87999725341797,2043900.0,67.20999908447266,67.033646
67.83000183105469,68.37000274658203,67.48999786376953,2887800.0,68.16999816894531,67.87609
68.5999984741211,68.8499984741211,68.06999969482422,2682600.0,68.44000244140625,68.25973
69.12000274658203,70.29000091552734,68.6500015258789,2678300.0,69.55000305175781,69.596275
69.4800033569336,69.58999633789062,67.36000061035156,2435100.0,67.97000122070312,67.83494
68.04000091552734,68.26000213623047,67.31999969482422,1917200.0,67.55000305175781,67.54037
67.70999908447266,68.66999816894531,67.52999877929688,2260600.0,68.06999969482422,68.233696
66.38999938964844,67.91000366210938,66.04000091552734,3701600.0,66.63999938964844,67.250694
66.69000244140625,67.08000183105469,64.91000366210938,4451600.0,65.80000305175781,65.52723
66.22000122070312,66.76000213623047,65.9000015258789,1978600.0,66.37000274658203,66.293
66.33999633789062,66.55999755859375,65.95999908447266,1189200.0,66.27999877929688,66.104904
66.48999786376953,66.66000366210938,65.7300033569336,2277700.0,65.73999786376953,65.92056
65.62999725341797,66.3499984741211,65.48999786376953,3135100.0,66.23999786376953,65.981575
66.0,66.86000061035156,65.7699966430664,2240500.0,65.91000366210938,66.40782
65.7699966430664,66.45999908447266,64.86000061035156,2365900.0,66.33999633789062,65.52734
66.02999877929688,67.25,65.54000091552734,1330800.0,67.0,66.553345
67.16000366210938,67.9800033569336,67.06999969482422,1468700.0,67.38999938964844,67.640945
67.08000183105469,67.44000244140625,66.83999633789062,1916100.0,67.37000274658203,67.05916
67.37999725341797,68.41000366210938,67.1500015258789,2108500.0,68.12999725341797,67.92744
68.12000274658203,68.87999725341797,68.12000274658203,1844900.0,68.86000061035156,68.61177
69.19000244140625,69.5999984741211,68.91000366210938,1524200.0,69.44999694824219,69.17778
69.7300033569336,70.44999694824219,69.0,3322600.0,69.20999908447266,69.62717
61.84000015258789,64.0999984741211,60.70000076293945,14451200.0,62.5,62.66517
62.5099983215332,62.9900016784668,61.650001525878906,5872500.0,61.93999862670898,62.11141
61.97999954223633,63.90999984741211,61.7599983215332,5211300.0,63.59000015258789,63.28451
63.630001068115234,64.5999984741211,63.5099983215332,4163500.0,64.31999969482422,64.20501
64.75,65.98999786376953,64.68000030517578,4527300.0,65.55000305175781,65.583
65.62000274658203,65.88999938964844,64.69000244140625,3415500.0,64.83999633789062,65.001785
64.20999908447266,65.0,64.20999908447266,3222400.0,64.52999877929688,64.72863
64.62000274658203,65.0,64.06999969482422,1525800.0,64.12000274658203,64.395355
63.93999862670898,64.11000061035156,62.84000015258789,1742000.0,63.150001525878906,63.12895
62.630001068115234,62.66999816894531,61.29999923706055,3559200.0,61.84999847412109,61.52823
62.2400016784668,63.060001373291016,62.0,1731500.0,62.68999862670898,62.622356
62.650001525878906,62.83000183105469,61.84999847412109,2510400.0,61.91999816894531,62.069305
62.470001220703125,63.22999954223633,62.43999862670898,2277900.0,62.77999877929688,62.953682
63.16999816894531,63.5099983215332,62.7599983215332,1958000.0,63.380001068115234,63.017387
63.459999084472656,63.869998931884766,63.09000015258789,1889500.0,63.52000045776367,63.395695
63.75,65.19000244140625,63.060001373291016,3177600.0,65.19000244140625,64.302025
65.41000366210938,66.08999633789062,64.80000305175781,2977200.0,65.2300033569336,65.37919
65.3499984741211,66.37000274658203,65.1500015258789,3853800.0,65.7300033569336,65.904366
65.68000030517578,66.75,65.58999633789062,3316700.0,66.12999725341797,66.36155
65.97000122070312,66.55000305175781,65.62999725341797,2007000.0,66.31999969482422,66.06226
66.5999984741211,66.68000030517578,65.97000122070312,4357700.0,66.26000213623047,66.035614
66.44999694824219,66.44999694824219,65.70999908447266,3487900.0,66.30999755859375,65.74342
66.11000061035156,66.23999786376953,65.19000244140625,4113200.0,66.12999725341797,65.37468
65.4800033569336,65.54000091552734,64.52999877929688,2563100.0,64.97000122070312,64.67729
64.22000122070312,64.44999694824219,63.20000076293945,4621400.0,63.52000045776367,63.496128
63.540000915527344,63.56999969482422,62.630001068115234,4942100.0,62.790000915527344,62.72974
62.810001373291016,63.220001220703125,62.27000045776367,4319400.0,63.040000915527344,62.602272
63.58000183105469,63.68999862670898,62.72999954223633,2893800.0,62.790000915527344,62.89732
62.459999084472656,62.68999862670898,60.79999923706055,2426800.0,61.20000076293945,61.28095
61.22999954223633,62.31999969482422,61.02000045776367,3655600.0,61.97999954223633,61.85011
62.2599983215332,63.0,61.09999847412109,2025800.0,61.13999938964844,61.8864
61.130001068115234,61.63999938964844,60.41999816894531,1564100.0,61.290000915527344,60.905846
61.68000030517578,62.470001220703125,61.56999969482422,1913800.0,61.84000015258789,62.13447
61.36000061035156,61.47999954223633,60.790000915527344,1526500.0,61.470001220703125,60.912025
61.93000030517578,62.09000015258789,61.060001373291016,864400.0,61.25,61.29513
61.47999954223633,61.88999938964844,60.90999984741211,2247500.0,61.79999923706055,61.269905
61.91999816894531,62.400001525878906,61.650001525878906,2269700.0,62.290000915527344,61.991035
62.43000030517578,63.31999969482422,62.43000030517578,1508600.0,63.119998931884766,63.05137
63.369998931884766,63.7400016784668,63.06999969482422,1924400.0,63.66999816894531,63.32431
62.59000015258789,63.27999877929688,62.59000015258789,1780500.0,62.86000061035156,63.040665
63.33000183105469,63.77999877929688,63.290000915527344,1748100.0,63.45000076293945,63.547012
63.52000045776367,63.83000183105469,63.209999084472656,963700.0,63.380001068115234,63.423306
63.22999954223633,63.22999954223633,62.630001068115234,929300.0,62.720001220703125,62.657516
62.52000045776367,63.2599983215332,62.150001525878906,1469800.0,63.040000915527344,62.739243
63.02999877929688,63.22999954223633,62.75,1202300.0,62.9900016784668,62.862915
63.61000061035156,64.6500015258789,63.400001525878906,1726700.0,64.1500015258789,64.19544
63.83000183105469,64.33000183105469,63.68000030517578,1619900.0,63.84999847412109,64.0064
63.70000076293945,64.0,63.369998931884766,1417500.0,63.720001220703125,63.575935
63.93999862670898,65.3499984741211,63.68999862670898,2454400.0,64.79000091552734,64.800026
65.13999938964844,66.04000091552734,64.83999633789062,2925800.0,65.95999908447266,65.52665
66.0,66.83000183105469,65.81999969482422,2583500.0,66.75,66.417274
66.6500015258789,66.7699966430664,65.36000061035156,2638900.0,65.75,65.63985
65.87000274658203,66.06999969482422,64.51000213623047,1601200.0,64.62999725341797,64.885254
64.93000030517578,66.69000244140625,64.54000091552734,2539200.0,66.04000091552734,65.97606
65.83999633789062,66.16999816894531,64.62999725341797,2679200.0,64.9800033569336,65.068275
64.75,65.38999938964844,64.5,2263200.0,65.29000091552734,64.961685
65.5,65.79000091552734,64.95999908447266,1857300.0,65.7300033569336,65.20187
65.69999694824219,66.66000366210938,65.33000183105469,2873100.0,66.51000213623047,66.08353
66.83000183105469,67.94000244140625,66.62999725341797,2829000.0,67.66000366210938,67.463264
67.73999786376953,68.1500015258789,67.33999633789062,1681900.0,67.37999725341797,67.64156
67.4800033569336,67.62000274658203,66.61000061035156,1727800.0,66.69000244140625,66.8044
66.81999969482422,66.87000274658203,65.93000030517578,2165900.0,66.26000213623047,66.05253
66.44000244140625,66.98999786376953,65.66999816894531,2983100.0,65.94000244140625,66.177284
66.05000305175781,67.26000213623047,66.05000305175781,3110100.0,66.75,66.91682
65.94000244140625,66.38999938964844,64.22000122070312,6071500.0,64.7300033569336,64.86235
65.04000091552734,65.66999816894531,64.80999755859375,3149500.0,65.5,65.250496
65.4800033569336,65.4800033569336,64.27999877929688,2449200.0,64.66000366210938,64.441216
64.56999969482422,65.11000061035156,64.45999908447266,1619900.0,64.47000122070312,64.80756
64.73999786376953,65.4000015258789,64.62000274658203,2982800.0,64.93000030517578,65.060005
64.73999786376953,65.87000274658203,64.55000305175781,2565600.0,65.6500015258789,65.406075
65.69000244140625,65.98999786376953,65.52999877929688,2287700.0,65.69000244140625,65.67989
65.73999786376953,66.26000213623047,65.58999633789062,1904200.0,65.9800033569336,65.92508
66.33000183105469,66.3499984741211,65.86000061035156,1158800.0,66.08000183105469,65.85989
66.41000366210938,67.30000305175781,66.3499984741211,2284300.0,66.69000244140625,66.96826
66.69000244140625,67.27999877929688,66.4000015258789,1852100.0,67.01000213623047,66.82691
67.0,67.6500015258789,66.86000061035156,2246300.0,67.26000213623047,67.29527
67.13999938964844,67.55000305175781,67.05000305175781,1582400.0,67.54000091552734,67.27548
67.33999633789062,67.55999755859375,66.8499984741211,1728000.0,67.2699966430664,67.015594
67.27999877929688,67.4000015258789,66.76000213623047,1859600.0,66.95999908447266,66.84833
67.0,67.55000305175781,66.83000183105469,1031500.0,67.36000061035156,67.198135
67.1500015258789,67.83000183105469,67.02999877929688,1585500.0,67.4000015258789,67.490005
67.81999969482422,68.41000366210938,67.72000122070312,2065700.0,67.93000030517578,68.093506
67.69999694824219,68.05999755859375,67.48999786376953,1676700.0,67.62000274658203,67.701454
67.5999984741211,68.01000213623047,67.25,1125400.0,67.91000366210938,67.543564
68.0999984741211,69.66000366210938,67.98999786376953,2495000.0,69.33000183105469,69.17729
69.27999877929688,69.41000366210938,68.55999755859375,1461100.0,68.8499984741211,68.70434
69.63999938964844,69.66000366210938,69.0,1816600.0,69.08000183105469,69.02771
69.0999984741211,69.2699966430664,68.41000366210938,1780400.0,68.93000030517578,68.57846
69.04000091552734,69.63999938964844,68.87999725341797,1183400.0,69.55999755859375,69.280106
69.7300033569336,71.16000366210938,69.69999694824219,2865600.0,71.12999725341797,70.74977
71.43000030517578,71.45999908447266,70.55999755859375,3119700.0,70.72000122070312,70.638954
70.68000030517578,70.68000030517578,69.69999694824219,2333600.0,69.94999694824219,69.79002
70.16999816894531,70.83000183105469,69.91000366210938,2090200.0,70.37999725341797,70.37547
70.56999969482422,70.98999786376953,70.05000305175781,1830300.0,70.33000183105469,70.380486
70.58000183105469,70.8499984741211,70.0999984741211,1581700.0,70.80000305175781,70.296104
70.69000244140625,71.0,70.45999908447266,2248100.0,70.54000091552734,70.6208
70.68000030517578,71.58000183105469,70.6500015258789,2837500.0,71.26000213623047,71.251495
71.23999786376953,71.7300033569336,70.9800033569336,2617500.0,71.68000030517578,71.2952
71.68000030517578,72.37000274658203,71.5999984741211,3203100.0,72.12000274658203,72.031746
71.91999816894531,72.12999725341797,70.4800033569336,2961800.0,70.66000366210938,70.85469
70.66999816894531,71.18000030517578,69.44999694824219,2376800.0,70.30000305175781,70.02938
69.95999908447266,70.05000305175781,68.97000122070312,2179400.0,69.5,69.141655
69.33999633789062,69.62999725341797,68.70999908447266,2179200.0,69.41000366210938,68.9603
69.41000366210938,69.41000366210938,66.61000061035156,3055700.0,66.66999816894531,67.16061
66.63999938964844,66.97000122070312,64.62000274658203,3624200.0,64.88999938964844,65.25423
66.0999984741211,67.02999877929688,65.30000305175781,3669500.0,66.23999786376953,66.13014
65.91999816894531,66.3499984741211,65.36000061035156,1602800.0,65.62999725341797,65.72528
66.25,67.56999969482422,65.98999786376953,1868300.0,67.45999908447266,67.02419
67.16999816894531,67.45999908447266,66.30999755859375,1991200.0,67.19999694824219,66.6269
67.12000274658203,67.19999694824219,65.26000213623047,2327300.0,65.75,65.65188
65.80999755859375,66.23999786376953,64.23999786376953,2418300.0,64.47000122070312,64.85584
64.69000244140625,64.83999633789062,63.540000915527344,2227900.0,64.27999877929688,63.818764
62.81999969482422,63.130001068115234,61.380001068115234,4219800.0,62.72999954223633,61.857475
62.91999816894531,63.7599983215332,61.0099983215332,3481200.0,61.130001068115234,62.057697
61.4900016784668,62.88999938964844,61.06999969482422,3318300.0,62.61000061035156,62.2158
61.81999969482422,63.11000061035156,61.130001068115234,3119900.0,62.72999954223633,62.252384
63.650001525878906,64.16999816894531,61.130001068115234,2919900.0,62.08000183105469,62.065617
62.34999847412109,63.720001220703125,61.68000030517578,3076700.0,63.63999938964844,62.863235
64.3499984741211,65.9800033569336,64.19000244140625,3820700.0,64.79000091552734,65.45036
65.06999969482422,65.33999633789062,64.58000183105469,1882400.0,65.22000122070312,64.79351
65.80000305175781,66.61000061035156,65.44000244140625,2272100.0,65.93000030517578,66.06918
66.02999877929688,66.38999938964844,65.2300033569336,2348700.0,65.91000366210938,65.591324
66.04000091552734,66.41999816894531,65.66999816894531,2287300.0,65.9800033569336,65.939384
66.51000213623047,68.37999725341797,66.27999877929688,2700600.0,68.26000213623047,67.76173
67.98999786376953,68.36000061035156,67.37999725341797,2444600.0,67.79000091552734,67.69463
67.5999984741211,67.76000213623047,66.69999694824219,2573500.0,67.2699966430664,66.91197
66.16000366210938,66.25,64.44999694824219,3000000.0,64.5,64.81003
64.58999633789062,65.47000122070312,63.93999862670898,2216500.0,64.33999633789062,64.705864
64.63999938964844,64.83999633789062,63.27999877929688,4852600.0,63.470001220703125,63.634167
63.31999969482422,64.94999694824219,62.540000915527344,3846100.0,64.72000122070312,63.960808
64.37999725341797,65.5999984741211,64.37999725341797,2963300.0,64.98999786376953,65.26155
64.66999816894531,64.95999908447266,62.400001525878906,3392100.0,62.61000061035156,63.072
66.25,68.43000030517578,64.93000030517578,8187200.0,67.5199966430664,66.90788
67.66000366210938,68.66999816894531,67.19000244140625,3557600.0,67.72000122070312,67.99959
67.04000091552734,68.61000061035156,67.04000091552734,1374300.0,68.20999908447266,68.21965
68.94000244140625,69.30000305175781,68.38999938964844,2406300.0,69.25,68.67833
68.87000274658203,69.5199966430664,68.69999694824219,2533600.0,69.36000061035156,69.13486
69.81999969482422,71.48999786376953,69.43000030517578,2661300.0,71.4800033569336,70.77422
71.2300033569336,72.18000030517578,71.2300033569336,2625800.0,71.56999969482422,71.865814
71.62999725341797,72.6500015258789,71.33999633789062,2279500.0,72.3499984741211,72.1097
73.33000183105469,74.79000091552734,73.19000244140625,4265200.0,74.66999816894531,74.27098
74.69999694824219,75.11000061035156,72.62999725341797,4263800.0,72.91000366210938,73.31414
71.19999694824219,71.93000030517578,69.9000015258789,3505900.0,71.91000366210938,70.67434
71.70999908447266,72.08999633789062,69.6500015258789,2184500.0,70.25,70.331635
70.43000030517578,70.70999908447266,68.56999969482422,2347200.0,70.58999633789062,69.11953
71.76000213623047,72.44000244140625,70.69999694824219,2926000.0,71.05000305175781,71.37406
72.16999816894531,73.04000091552734,71.5999984741211,2842900.0,71.75,72.30871
72.13999938964844,72.68000030517578,70.9000015258789,2200600.0,71.13999938964844,71.50646
70.41999816894531,70.61000061035156,69.12999725341797,1982700.0,69.36000061035156,69.46196
69.11000061035156,69.62999725341797,67.4000015258789,2241700.0,67.8499984741211,68.11812
68.44999694824219,69.02999877929688,67.38999938964844,2112000.0,67.98999786376953,67.99655
68.2699966430664,69.08999633789062,65.80999755859375,2845500.0,66.83000183105469,66.96874
66.33000183105469,66.45999908447266,64.58999633789062,3547800.0,65.19000244140625,64.98655
65.22000122070312,66.2300033569336,63.220001220703125,4683100.0,63.290000915527344,64.41708
62.93000030517578,63.630001068115234,62.220001220703125,1668500.0,62.66999816894531,62.859158
62.93000030517578,65.58000183105469,62.7599983215332,1701800.0,65.54000091552734,64.901
64.5,66.5,64.0,1655000.0,66.4800033569336,65.67385
66.9800033569336,67.12000274658203,65.70999908447266,1927700.0,65.95999908447266,66.006
66.33999633789062,67.4800033569336,66.33999633789062,1572100.0,67.45999908447266,67.15886
66.5,66.56999969482422,65.30000305175781,2113300.0,65.69000244140625,65.519455
65.52999877929688,65.77999877929688,62.0,5383900.0,63.27000045776367,62.940384
64.08999633789062,65.94999694824219,64.08999633789062,3123700.0,65.45999908447266,65.509224
65.63999938964844,67.43000030517578,65.61000061035156,3235100.0,66.8499984741211,66.97231
67.58999633789062,68.20999908447266,66.69999694824219,1578100.0,67.83000183105469,67.30378
68.19999694824219,69.66000366210938,68.0,2442300.0,69.25,69.126175
69.05000305175781,69.94999694824219,68.5999984741211,1080900.0,69.9000015258789,69.32668
69.29000091552734,70.41000366210938,68.94000244140625,1210800.0,70.37999725341797,69.82449
69.72000122070312,70.29000091552734,69.66999816894531,2182700.0,69.75,70.00717
69.94999694824219,70.75,69.62000274658203,1793100.0,70.5999984741211,70.2239
70.81999969482422,71.12999725341797,69.97000122070312,1480300.0,70.02999877929688,70.29371
69.76000213623047,71.23999786376953,69.76000213623047,1225800.0,70.81999969482422,70.85666
71.29000091552734,72.30999755859375,70.8499984741211,1551700.0,71.93000030517578,71.66443
71.44000244140625,71.4800033569336,70.47000122070312,1972700.0,71.31999969482422,70.591515
71.94999694824219,72.8499984741211,70.73999786376953,2050300.0,71.6500015258789,71.643196
71.45999908447266,72.19999694824219,71.38999938964844,1509600.0,72.18000030517578,71.87489
72.79000091552734,73.7300033569336,72.55999755859375,2215300.0,73.6500015258789,73.2441
72.76000213623047,73.27999877929688,72.41000366210938,1729600.0,73.2699966430664,72.77532
73.69999694824219,74.05999755859375,73.19999694824219,1684500.0,73.55999755859375,73.466324
73.73999786376953,75.58999633789062,73.4800033569336,1679500.0,75.44000244140625,74.93783
75.20999908447266,76.30999755859375,74.66999816894531,2951300.0,76.05000305175781,75.55412
76.16000366210938,76.58999633789062,75.62000274658203,1343900.0,76.04000091552734,75.950264
76.18000030517578,76.2300033569336,75.31999969482422,2245900.0,76.02999877929688,75.40511
75.80000305175781,76.51000213623047,75.79000091552734,1593500.0,76.30999755859375,76.220276
76.11000061035156,76.69000244140625,76.0,1504900.0,76.30000305175781,76.3461
75.72000122070312,76.12000274658203,74.87000274658203,1660600.0,75.33000183105469,75.252716
75.06999969482422,75.80999755859375,74.76000213623047,1318100.0,75.80000305175781,75.29605
76.0,76.38999938964844,75.75,1018000.0,76.08000183105469,75.976
76.80000305175781,77.25,76.43000030517578,2045500.0,77.06999969482422,76.72653
77.37000274658203,77.48999786376953,76.73999786376953,1376400.0,77.25,76.82851
77.0,77.27999877929688,76.5199966430664,1618100.0,77.0199966430664,76.704216
77.62999725341797,78.30999755859375,77.47000122070312,1919700.0,78.30000305175781,77.90494
78.0,78.31999969482422,77.41000366210938,2968000.0,77.5199966430664,77.64232
77.52999877929688,78.80000305175781,77.33000183105469,2076500.0,78.55999755859375,78.27018
77.66999816894531,78.58000183105469,76.5,3570800.0,77.88999938964844,77.37197
78.16000366210938,78.45999908447266,77.83000183105469,2797700.0,78.41999816894531,77.980286
78.9000015258789,79.83999633789062,78.8499984741211,1878000.0,79.33999633789062,79.471924
79.20999908447266,79.2699966430664,78.41999816894531,1992600.0,78.55000305175781,78.48824
78.25,79.55000305175781,78.25,1254400.0,79.41999816894531,79.16866
79.18000030517578,79.75,78.88999938964844,1759100.0,79.44000244140625,79.26188
80.0,81.44000244140625,80.0,1625900.0,81.23999786376953,81.028046
81.5,81.76000213623047,79.52999877929688,3204100.0,80.12999725341797,80.04958
80.0199966430664,80.02999877929688,79.36000061035156,1405600.0,79.73999786376953,79.35517
79.81999969482422,79.9800033569336,78.7300033569336,1750500.0,78.75,78.95844
78.69000244140625,79.0999984741211,78.01000213623047,1818100.0,78.7300033569336,78.34749
78.18000030517578,78.23999786376953,77.4000015258789,1483500.0,77.9800033569336,77.47282
78.27999877929688,79.47000122070312,78.26000213623047,1210900.0,79.30000305175781,79.091515
79.58000183105469,80.12999725341797,79.16000366210938,1532300.0,79.93000030517578,79.54857
80.22000122070312,80.73999786376953,80.0199966430664,1529100.0,80.12999725341797,80.32551
80.05999755859375,80.66999816894531,80.05999755859375,1268500.0,80.61000061035156,80.392876
80.86000061035156,81.43000030517578,80.83000183105469,1999100.0,81.0999984741211,81.128784
81.0999984741211,81.29000091552734,80.48999786376953,1617700.0,80.97000122070312,80.6188
81.2699966430664,81.7699966430664,81.02999877929688,1172600.0,81.19999694824219,81.328316
81.27999877929688,81.44000244140625,80.25,1768300.0,80.91999816894531,80.45851
80.55000305175781,82.2699966430664,80.55000305175781,986600.0,82.0,81.816605
81.54000091552734,81.68000030517578,78.97000122070312,1435800.0,78.98999786376953,79.55449
79.08999633789062,79.86000061035156,78.66000366210938,923000.0,79.5199966430664,79.24224
80.38999938964844,81.04000091552734,80.12999725341797,1428200.0,80.6500015258789,80.56027
80.5,80.7699966430664,78.88999938964844,1446100.0,79.0,79.34316
79.38999938964844,79.79000091552734,78.70999908447266,1615600.0,79.69999694824219,79.03845
80.16000366210938,80.66999816894531,79.94999694824219,1585100.0,80.37999725341797,80.249405
80.95999908447266,81.7699966430664,80.95999908447266,1522700.0,81.55999755859375,81.45625
81.70999908447266,81.76000213623047,81.02999877929688,1203000.0,81.13999938964844,81.060165
81.54000091552734,82.0199966430664,81.45999908447266,2141000.0,81.94000244140625,81.69261
81.83999633789062,82.05000305175781,80.44000244140625,2180100.0,80.83000183105469,80.77961
81.19000244140625,81.91999816894531,81.05000305175781,1502900.0,81.47000122070312,81.513985
81.56999969482422,81.70999908447266,80.58000183105469,783300.0,81.69000244140625,80.76819
81.55999755859375,81.72000122070312,81.2699966430664,1254700.0,81.41999816894531,81.29366
81.44999694824219,82.23999786376953,81.44999694824219,982900.0,81.68000030517578,81.932045
81.87999725341797,81.91999816894531,80.88999938964844,1071500.0,81.08000183105469,80.99095
81.43000030517578,82.05999755859375,80.9000015258789,1249300.0,80.9800033569336,81.38015
81.0,81.12999725341797,79.91000366210938,1627300.0,80.4000015258789,80.11048
80.81999969482422,80.95999908447266,77.19000244140625,3441500.0,77.55000305175781,78.03053
78.1500015258789,78.31999969482422,74.45999908447266,4472000.0,75.43000030517578,75.34141
75.7300033569336,76.54000091552734,75.30999755859375,2874100.0,76.16999816894531,75.918846
75.93000030517578,76.72000122070312,75.12999725341797,2016000.0,75.56999969482422,75.82448
74.27999877929688,76.80000305175781,73.76000213623047,4607100.0,75.55999755859375,75.82296
75.83999633789062,76.62999725341797,75.43000030517578,1942700.0,75.79000091552734,76.02629
75.26000213623047,77.04000091552734,74.94000244140625,1481400.0,76.72000122070312,76.351
76.9800033569336,77.45999908447266,76.30000305175781,1608900.0,77.41999816894531,76.70326
77.47000122070312,78.44000244140625,77.31999969482422,2177700.0,77.33000183105469,77.9947
77.44000244140625,78.58999633789062,77.37999725341797,1726200.0,78.5,78.186714
78.48999786376953,78.91999816894531,77.27999877929688,1078600.0,77.47000122070312,77.77517
77.41000366210938,78.33999633789062,77.1500015258789,946800.0,78.19999694824219,77.82862
78.58000183105469,79.55999755859375,78.58000183105469,1303200.0,79.29000091552734,79.22826
77.62000274658203,79.41000366210938,77.20999908447266,1624300.0,79.3499984741211,78.643814
78.58999633789062,78.7699966430664,76.02999877929688,1732200.0,76.66999816894531,76.6525
76.77999877929688,77.30000305175781,76.12999725341797,2243600.0,76.61000061035156,76.55503
75.66999816894531,77.05999755859375,74.8499984741211,1717500.0,77.0,76.05704
76.63999938964844,77.13999938964844,74.08999633789062,2849800.0,77.0999984741211,74.97647
75.75,75.91000366210938,73.2300033569336,3547300.0,73.83999633789062,73.82048
74.43000030517578,76.66999816894531,74.30000305175781,2557700.0,76.01000213623047,76.04378
67.36000061035156,69.9000015258789,66.23999786376953,14523800.0,67.63999938964844,68.4177
67.5999984741211,69.41999816894531,67.5999984741211,4567700.0,69.30000305175781,68.96359
68.44000244140625,69.87000274658203,68.19000244140625,3935700.0,69.11000061035156,69.291466
68.66000366210938,69.97000122070312,68.63999938964844,4029700.0,68.93000030517578,69.58077
69.37000274658203,70.44000244140625,68.25,3928200.0,68.31999969482422,69.26691
68.16999816894531,68.63999938964844,67.51000213623047,4985400.0,67.97000122070312,67.901375
67.18000030517578,67.8499984741211,66.02999877929688,5358500.0,67.69999694824219,66.71414
68.13999938964844,69.88999938964844,68.08000183105469,3852900.0,68.36000061035156,69.40378
68.43000030517578,68.86000061035156,66.95999908447266,2984700.0,67.08000183105469,67.53795
66.58999633789062,67.98999786376953,66.58999633789062,3722100.0,67.30000305175781,67.61016
67.58999633789062,67.9000015258789,66.7300033569336,2947900.0,66.88999938964844,67.05508
66.23999786376953,67.55999755859375,66.06999969482422,2829300.0,67.05000305175781,67.07401
67.04000091552734,68.0999984741211,66.81999969482422,2560600.0,66.98999786376953,67.61771
67.66000366210938,68.0,66.41000366210938,4402800.0,67.94999694824219,66.84796
68.61000061035156,69.01000213623047,67.88999938964844,2289200.0,68.3499984741211,68.25705
68.5199966430664,69.68000030517578,68.5199966430664,2469000.0,69.16000366210938,69.341995
69.69999694824219,70.22000122070312,69.33000183105469,1547400.0,69.5199966430664,69.711334
69.68000030517578,70.55000305175781,69.36000061035156,1477100.0,70.29000091552734,70.02346
72.25,72.5999984741211,69.80999755859375,1748200.0,70.08999633789062,70.56457
70.08000183105469,70.29000091552734,68.93000030517578,1546800.0,70.29000091552734,69.24763
70.55999755859375,70.70999908447266,69.88999938964844,1886900.0,70.30000305175781,70.031204
70.30999755859375,70.44999694824219,69.73999786376953,1602700.0,69.97000122070312,69.85036
70.25,70.5999984741211,69.88999938964844,1149200.0,70.29000091552734,70.12723
70.80000305175781,72.22000122070312,70.56999969482422,2350400.0,71.91000366210938,71.662766
71.88999938964844,72.7300033569336,71.88999938964844,1916700.0,72.6500015258789,72.43672
73.22000122070312,73.41999816894531,72.36000061035156,2077800.0,73.31999969482422,72.581726
73.13999938964844,73.54000091552734,72.55000305175781,3096200.0,73.33999633789062,72.86374
73.33000183105469,73.68000030517578,72.26000213623047,1251600.0,73.13999938964844,72.66714
73.19000244140625,73.62999725341797,72.41000366210938,1340400.0,72.51000213623047,72.8189
72.63999938964844,73.18000030517578,72.04000091552734,1583800.0,72.13999938964844,72.48711
72.55000305175781,73.27999877929688,72.19999694824219,1480200.0,73.19000244140625,72.744415
73.26000213623047,74.69999694824219,73.0999984741211,3159700.0,74.66999816894531,74.177925
75.5999984741211,75.88999938964844,74.91999816894531,2753200.0,75.77999877929688,75.15908
75.8499984741211,76.18000030517578,75.25,1877000.0,75.61000061035156,75.50833
75.86000061035156,76.93000030517578,75.69999694824219,1153100.0,76.80000305175781,76.47417
76.33999633789062,76.47000122070312,75.30000305175781,1493100.0,75.75,75.50335
75.52999877929688,75.98999786376953,73.5,2217400.0,73.83999633789062,74.22911
73.48999786376953,74.08000183105469,73.11000061035156,2092200.0,73.44999694824219,73.53673
73.58000183105469,73.94000244140625,73.12999725341797,1785200.0,73.37000274658203,73.38323
73.7699966430664,73.77999877929688,71.4800033569336,6562400.0,71.73999786376953,71.86906
71.27999877929688,72.2699966430664,70.83000183105469,2542400.0,71.6500015258789,71.61419
71.0199966430664,71.0199966430664,69.48999786376953,3955300.0,70.55000305175781,69.7062
70.0,70.36000061035156,69.33000183105469,3067200.0,69.94999694824219,69.640434
70.30999755859375,70.55999755859375,69.58999633789062,2402300.0,69.58999633789062,69.82478
70.01000213623047,70.61000061035156,69.66000366210938,2713000.0,70.12999725341797,70.09361
70.58000183105469,70.58000183105469,68.5999984741211,2694400.0,68.69999694824219,68.941505
68.91000366210938,69.47000122070312,68.45999908447266,3103300.0,69.08999633789062,68.88581
69.4000015258789,70.16999816894531,69.16000366210938,3304200.0,69.88999938964844,69.705956
69.25,69.58000183105469,68.62000274658203,3190400.0,69.58000183105469,68.896454
69.75,70.01000213623047,69.55000305175781,1904700.0,69.8499984741211,69.66672
70.12999725341797,70.19000244140625,69.3499984741211,2392600.0,69.5,69.44095
69.5,70.5,69.37999725341797,2750000.0,70.37000274658203,70.09276
69.25,70.18000030517578,68.0999984741211,2871800.0,70.1500015258789,69.015305
70.19000244140625,70.66000366210938,68.91999816894531,3846100.0,69.41000366210938,69.4687
69.62999725341797,70.68000030517578,68.38999938964844,2494100.0,69.20999908447266,69.43075
69.12000274658203,69.12999725341797,67.55999755859375,2803500.0,68.08000183105469,67.80697
66.83999633789062,67.16999816894531,65.66000366210938,3273100.0,65.86000061035156,66.08299
66.41000366210938,67.68000030517578,66.04000091552734,2436200.0,67.66000366210938,67.05525
66.87000274658203,68.2699966430664,66.4800033569336,2172900.0,67.97000122070312,67.61018
68.43000030517578,69.51000213623047,68.0999984741211,2014300.0,69.48999786376953,68.94231
68.94000244140625,68.94000244140625,67.81999969482422,1866200.0,68.63999938964844,67.95458
68.22000122070312,68.37999725341797,66.5,1961900.0,66.62999725341797,66.92294
66.91000366210938,68.77999877929688,66.5,3164300.0,67.63999938964844,68.02264
66.58000183105469,67.0199966430664,65.3499984741211,3509700.0,65.58999633789062,65.87715
71.94000244140625,72.6500015258789,69.41999816894531,6701000.0,69.58999633789062,70.460526
69.9000015258789,71.18000030517578,68.95999908447266,3367100.0,71.08000183105469,70.11038
71.93000030517578,72.27999877929688,71.5,2050400.0,71.75,71.74286
71.41999816894531,72.26000213623047,71.0999984741211,2171200.0,71.12000274658203,71.7275
71.95999908447266,72.33000183105469,71.19000244140625,1897400.0,72.19999694824219,71.537094
72.44999694824219,72.7699966430664,71.25,1644000.0,71.73999786376953,71.66466
71.5,71.66999816894531,69.25,2990000.0,69.55000305175781,69.79784
70.11000061035156,70.63999938964844,68.79000091552734,1827300.0,69.63999938964844,69.41755
70.05000305175781,70.33000183105469,69.11000061035156,2032300.0,69.4800033569336,69.42952
69.26000213623047,70.26000213623047,68.80999755859375,1674000.0,69.94000244140625,69.61555
70.80999755859375,71.29000091552734,70.4800033569336,1611200.0,70.69999694824219,70.813614
71.44999694824219,72.44999694824219,70.81999969482422,2356400.0,71.11000061035156,71.6592
70.69999694824219,71.04000091552734,69.4800033569336,2227800.0,70.41000366210938,69.917534
70.94000244140625,71.22000122070312,69.95999908447266,1820600.0,70.86000061035156,70.28852
71.63999938964844,73.70999908447266,71.63999938964844,2997900.0,73.5199966430664,73.21319
73.69000244140625,74.37000274658203,73.69000244140625,3117600.0,74.27999877929688,74.08742
74.38999938964844,74.58999633789062,73.66999816894531,2996900.0,74.18000030517578,73.84549
73.5,75.02999877929688,73.29000091552734,2838000.0,74.7699966430664,74.45799
75.06999969482422,77.01000213623047,75.06999969482422,2805500.0,76.98999786376953,76.52469
77.01000213623047,78.08999633789062,76.70999908447266,4009800.0,77.56999969482422,77.50265
77.58999633789062,78.05000305175781,77.18000030517578,2673400.0,77.9000015258789,77.48783
77.31999969482422,77.43000030517578,76.45999908447266,2874500.0,77.1500015258789,76.58718
76.94999694824219,76.97000122070312,76.27999877929688,2716800.0,76.4000015258789,76.285645
76.36000061035156,77.56999969482422,75.75,1982600.0,77.56999969482422,76.74821
77.58000183105469,78.1500015258789,77.31999969482422,1743700.0,78.06999969482422,77.68937
78.22000122070312,78.73999786376953,77.91000366210938,4605500.0,77.97000122070312,78.22611
77.4800033569336,78.38999938964844,77.2699966430664,2217000.0,78.05999755859375,77.909164
78.29000091552734,78.38999938964844,75.63999938964844,4296700.0,75.97000122070312,76.19939
76.05000305175781,76.55999755859375,75.16000366210938,1739200.0,76.33000183105469,75.64371
76.44999694824219,76.95999908447266,76.08999633789062,1313300.0,76.5199966430664,76.44115
77.0199966430664,77.30999755859375,75.91999816894531,1639800.0,76.38999938964844,76.26983
76.37000274658203,77.11000061035156,76.33000183105469,1684600.0,76.62999725341797,76.790634
76.5,76.88999938964844,74.58999633789062,2189100.0,74.83999633789062,75.22699
74.31999969482422,74.54000091552734,72.9000015258789,1999400.0,73.3499984741211,73.277916
73.37999725341797,73.87999725341797,72.47000122070312,1869400.0,73.87000274658203,72.9577
74.08000183105469,75.91000366210938,74.05999755859375,1260800.0,75.87999725341797,75.442215
75.3499984741211,75.69000244140625,74.63999938964844,1048000.0,75.0999984741211,74.942566
73.97000122070312,73.97000122070312,71.7300033569336,3001900.0,72.48999786376953,72.1246
73.05000305175781,73.83999633789062,72.63999938964844,1499700.0,73.47000122070312,73.248375
73.43000030517578,74.43000030517578,73.43000030517578,1399900.0,74.0,74.11038
75.55000305175781,76.20999908447266,75.23999786376953,1200700.0,75.30000305175781,75.708206
75.18000030517578,75.80000305175781,74.98999786376953,829500.0,75.18000030517578,75.39811
75.80000305175781,76.36000061035156,75.68000030517578,844900.0,75.75,76.017845
75.30000305175781,75.87999725341797,74.95999908447266,2275500.0,75.2699966430664,75.361115
75.69000244140625,76.25,74.9000015258789,1650000.0,74.91999816894531,75.40215
74.0,74.81999969482422,73.7699966430664,2121900.0,74.56999969482422,74.35017
74.87999725341797,75.51000213623047,74.69000244140625,1641500.0,75.4800033569336,75.10123
75.68000030517578,76.33000183105469,74.63999938964844,1271800.0,74.69000244140625,75.28421
75.0199966430664,75.88999938964844,74.68000030517578,1778300.0,74.9800033569336,75.32959
75.02999877929688,75.11000061035156,74.45999908447266,1475100.0,75.0,74.50619
74.69999694824219,75.97000122070312,74.12999725341797,835100.0,75.38999938964844,75.182465
75.69000244140625,76.55999755859375,75.69000244140625,1143900.0,76.1500015258789,76.25601
75.05000305175781,76.68000030517578,74.94000244140625,1113300.0,76.16999816894531,76.17506
76.04000091552734,76.1500015258789,75.23999786376953,914800.0,76.12000274658203,75.37096
76.0,76.12000274658203,75.0999984741211,970500.0,75.75,75.26445
76.51000213623047,77.3499984741211,76.31999969482422,1106300.0,76.97000122070312,76.906784
77.68000030517578,77.8499984741211,76.7300033569336,1010200.0,76.73999786376953,76.94364
76.81999969482422,76.91000366210938,75.47000122070312,2362700.0,75.55000305175781,75.71028
75.69999694824219,75.94000244140625,74.94000244140625,1355700.0,75.79000091552734,75.16776
76.33999633789062,76.37999725341797,75.68000030517578,860900.0,75.91000366210938,75.716034
75.9000015258789,76.6500015258789,75.6500015258789,1231500.0,76.63999938964844,76.1773
76.25,76.8499984741211,76.12999725341797,1149200.0,76.8499984741211,76.497734
77.0,77.55000305175781,76.72000122070312,1008400.0,77.05000305175781,77.085075
76.81999969482422,77.5,76.55999755859375,1096000.0,77.16000366210938,77.02917
77.20999908447266,77.44999694824219,76.4800033569336,1113500.0,76.76000213623047,76.69729
76.93000030517578,78.30999755859375,76.61000061035156,1700400.0,78.26000213623047,77.677864
78.13999938964844,78.5,77.5,1641200.0,77.94000244140625,77.78837
78.16999816894531,79.48999786376953,77.83999633789062,1704800.0,79.29000091552734,78.856064
79.16000366210938,79.36000061035156,78.20999908447266,2429800.0,78.5199966430664,78.433365
78.97000122070312,78.97000122070312,77.30999755859375,2142200.0,78.30000305175781,77.548325
78.61000061035156,79.19000244140625,78.2300033569336,1869700.0,79.12000274658203,78.63407
79.44999694824219,80.45999908447266,79.30000305175781,2640800.0,80.26000213623047,79.998604
78.56999969482422,81.02999877929688,77.95999908447266,5329900.0,80.94999694824219,79.97645
81.08000183105469,81.33999633789062,80.69000244140625,1628000.0,81.08000183105469,80.82176
80.95999908447266,81.23999786376953,80.47000122070312,835800.0,80.7699966430664,80.65041
80.77999877929688,80.98999786376953,80.0199966430664,1775600.0,80.3499984741211,80.20348
79.5199966430664,80.11000061035156,79.16999816894531,1978200.0,80.0999984741211,79.57119
80.30000305175781,81.0,80.18000030517578,1690900.0,80.93000030517578,80.61502
80.88999938964844,81.73999786376953,80.5,1900000.0,81.52999877929688,81.126236
82.23999786376953,82.41999816894531,81.81999969482422,1783400.0,82.20999908447266,81.88732
82.33999633789062,82.47000122070312,81.55000305175781,1913800.0,81.62000274658203,81.66794
82.9000015258789,83.80000305175781,82.69999694824219,3067700.0,82.93000030517578,83.30481
82.93000030517578,83.47000122070312,82.56999969482422,1718300.0,83.41999816894531,82.92306
83.48999786376953,84.9800033569336,83.16999816894531,1920800.0,84.80999755859375,84.308205
84.66999816894531,84.73999786376953,83.58999633789062,1811200.0,83.70999908447266,83.724655
84.47000122070312,84.97000122070312,84.0,1371200.0,84.44999694824219,84.34523
84.76000213623047,84.86000061035156,83.77999877929688,1653200.0,83.94999694824219,83.91541
83.75,84.05000305175781,83.36000061035156,2025500.0,83.43000030517578,83.514015
83.94999694824219,84.66999816894531,83.55999755859375,1696000.0,84.51000213623047,84.06898
84.94000244140625,85.30999755859375,84.31999969482422,2287800.0,85.19000244140625,84.58554
85.41999816894531,85.44000244140625,84.76000213623047,816000.0,85.26000213623047,84.75127
85.44999694824219,85.44999694824219,84.9800033569336,271900.0,85.30000305175781,84.91028
85.30999755859375,85.63999938964844,85.08999633789062,649100.0,85.44999694824219,85.23175
85.68000030517578,85.68000030517578,85.11000061035156,767700.0,85.41999816894531,85.061165
85.33999633789062,85.4000015258789,84.63999938964844,742800.0,84.9000015258789,84.675865
84.83999633789062,85.33999633789062,84.66999816894531,1176200.0,85.30999755859375,84.939384
85.9000015258789,86.3499984741211,85.19999694824219,1410500.0,85.94999694824219,85.55684
84.66999816894531,85.33000183105469,84.5,1118300.0,84.56999969482422,84.90486
84.0,84.81999969482422,83.5999984741211,1993200.0,84.81999969482422,84.193146
83.95999908447266,85.26000213623047,83.94000244140625,1684700.0,85.08000183105469,84.84264
85.95999908447266,86.47000122070312,85.19999694824219,1847600.0,85.91999816894531,85.61897
86.45999908447266,87.69999694824219,86.16999816894531,1912700.0,87.2699966430664,87.08122
87.72000122070312,88.23999786376953,87.31999969482422,1417000.0,87.58999633789062,87.65378
87.80999755859375,88.31999969482422,86.73999786376953,1630200.0,87.45999908447266,87.23359
87.2699966430664,88.20999908447266,86.69999694824219,1675200.0,87.98999786376953,87.429436
87.62999725341797,89.11000061035156,87.55000305175781,1630400.0,88.62000274658203,88.60817
89.12000274658203,89.48999786376953,88.86000061035156,1595900.0,89.45999908447266,89.026405
89.97000122070312,90.27999877929688,89.20999908447266,3718300.0,90.12000274658205,89.43402
89.80000305175781,90.1500015258789,89.45999908447266,2697400.0,89.61000061035156,89.61935
89.94000244140625,90.63999938964844,89.83999633789062,1665800.0,90.12999725341795,90.24008
89.62000274658203,89.9800033569336,88.66000366210938,1228300.0,89.06999969482422,88.99701
89.44999694824219,89.45999908447266,87.58000183105469,1164500.0,88.26000213623047,87.85489
86.54000091552734,87.16999816894531,86.20999908447266,1868000.0,86.55999755859375,86.6187
86.8499984741211,87.4800033569336,86.19000244140625,1652200.0,87.18000030517578,86.68318
87.55000305175781,88.36000061035156,87.1500015258789,1131500.0,87.23999786376953,87.73028
84.9000015258789,85.02999877929688,83.5999984741211,3026700.0,84.37999725341797,83.830925
84.02999877929688,84.33999633789062,82.33999633789062,2850400.0,82.55999755859375,82.82533
83.29000091552734,83.69000244140625,82.11000061035156,1919800.0,82.1500015258789,82.55093
82.8499984741211,83.9000015258789,82.77999877929688,1676000.0,83.5199966430664,83.48871
84.52999877929688,85.5,84.38999938964844,2345100.0,84.93000030517578,85.03887
85.30999755859375,85.38999938964844,84.58000183105469,835500.0,84.81999969482422,84.63967
84.61000061035156,84.79000091552734,82.91999816894531,1447600.0,83.16999816894531,83.305
83.04000091552734,84.63999938964844,82.93000030517578,2066900.0,84.43000030517578,84.10763
85.02999877929688,85.66999816894531,84.83999633789062,1543200.0,85.08999633789062,85.22875
85.4000015258789,86.05999755859375,85.29000091552734,1464200.0,85.43000030517578,85.6747
85.0999984741211,85.68000030517578,84.66000366210938,1596300.0,85.47000122070312,85.06118
85.72000122070312,85.86000061035156,85.12000274658203,1965400.0,85.81999969482422,85.18717
85.66000366210938,86.08000183105469,84.52999877929688,2872500.0,84.79000091552734,84.96036
84.69999694824219,85.83999633789062,83.44999694824219,4741300.0,85.3499984741211,84.504745
84.9000015258789,84.98999786376953,83.36000061035156,2543600.0,84.33999633789062,83.62195
83.9000015258789,85.08999633789062,83.4000015258789,1762500.0,85.06999969482422,84.33165
82.22000122070312,82.58999633789062,80.0199966430664,2919200.0,80.5,80.69039
80.69999694824219,80.87999725341797,77.69000244140625,2768000.0,77.94999694824219,78.412254
78.66000366210938,80.2699966430664,78.08999633789062,2526000.0,78.11000061035156,79.40297
76.68000030517578,80.30000305175781,76.37000274658203,2879400.0,77.43000030517578,79.310074
74.97000122070312,77.06999969482422,74.16999816894531,3755600.0,77.06999969482422,75.95536
77.30999755859375,82.0,77.23999786376953,3407500.0,81.97000122070312,81.01258
81.88999938964844,85.0,79.27999877929688,3017200.0,80.31999969482422,82.35809
81.7699966430664,84.43000030517578,80.72000122070312,1905300.0,84.3499984741211,83.032585
82.13999938964844,83.25,79.69999694824219,2322600.0,80.45999908447266,81.05821
77.94999694824219,78.9000015258789,76.5,2959900.0,78.55999755859375,77.480515
72.58999633789062,74.19000244140625,70.16999816894531,4598200.0,70.75,71.94738
73.05000305175781,73.62000274658203,69.66000366210938,3537300.0,72.91000366210938,70.82455
70.76000213623047,71.7300033569336,67.56999969482422,4985900.0,68.83999633789062,69.016045
64.0,67.13999938964844,62.15999984741211,5055000.0,63.41999816894531,65.10794
66.52999877929688,69.51000213623047,63.75,3261200.0,69.19999694824219,66.80799
63.40999984741211,66.62000274658203,61.130001068115234,4742800.0,64.12999725341797,64.25274
66.0199966430664,70.52999877929688,63.93999862670898,3341800.0,70.44000244140625,68.10737
65.19000244140625,69.87999725341797,65.18000030517578,4123900.0,68.87000274658203,68.969635
68.54000091552734,68.58999633789062,64.16999816894531,3430700.0,65.76000213623047,65.16114
65.98999786376953,71.0,64.95999908447266,3258400.0,66.45999908447266,69.281784
66.80000305175781,67.55999755859375,62.09000015258789,2989600.0,63.369998931884766,63.773125
65.52999877929688,68.18000030517578,64.5999984741211,2868900.0,67.0,66.91694
67.12000274658203,71.79000091552734,65.11000061035156,2628100.0,69.0,69.396126
70.0,74.44999694824219,69.6500015258789,3267500.0,73.72000122070312,73.31579
71.55000305175781,73.20999908447266,70.27999877929688,1829800.0,70.91000366210938,71.84025
71.05999755859375,73.18000030517578,71.05999755859375,1486200.0,72.66999816894531,72.68861
72.33999633789062,72.80000305175781,70.5,1822100.0,71.62000274658203,71.19385
69.47000122070312,70.2300033569336,68.1500015258789,2173600.0,68.91999816894531,68.97024
